"gene_id","lfc"
"k141_10069_2_Catalyzes_the_synthesis_of_activated_",0.518735831489461
"k141_10069_3_Inositol_monophosphatase",-0.629618355044701
"k141_1007269_1_-",-1.70250861102039
"k141_1007269_2_ATPase_family_associated_with_vario",-0.716791738850311
"k141_1014422_1_Radical_SAM",-0.0581677528693109
"k141_1014422_2_Radical_SAM",-0.214313218102255
"k141_1014422_4_Sodium_calcium_exchanger_protein",-0.368488314496402
"k141_1014422_5_-",-0.0744091853525719
"k141_1014422_6_Cobalamin_B12-binding_domain_protei",-0.110724537355971
"k141_1014422_7_-",2.14741147884702
"k141_1014422_8_-",0.588512935570144
"k141_1014783_1_Tetratricopeptide_repeat",-0.369300610181171
"k141_1014783_2_glutamine_amidotransferase",-0.138298675965065
"k141_1014783_3_Uncharacterised_protein_family__UPF",0.219721586646978
"k141_1014783_4_Catalytic_subunit_of_DNA_primase__a",-0.100384565833413
"k141_1014783_5_Regulatory_subunit_of_DNA_primase__",0.401799601170192
"k141_1014783_6_Endonuclease_IV_plays_a_role_in_DNA",-0.852561830012341
"k141_101610_1_PFAM_ABC_transporter",-0.331727016831764
"k141_101610_2_Periplasmic_solute_binding_protein",0.504388534691354
"k141_1019664_1_Belongs_to_the_UDP-glucose_GDP-mann",0.548440260911404
"k141_1021541_1_zinc_finger",1.85936154510093
"k141_1029426_1_Subtilase_family",-0.0643567381185793
"k141_1036541_4_Rieske_2Fe-2S",0.210362282652495
"k141_1036541_5_Belongs_to_the_UPF0147_family",0.663448191055267
"k141_1036541_6_RNA_methylase",-0.196094583789682
"k141_1036541_7_-",-0.157144560635474
"k141_1039022_2_DNA_methylase",1.36668950203016
"k141_1039022_3_DEAD_DEAH_box_helicase",0.360335429260672
"k141_1039022_4_Glucose_sorbosone",-0.0849334233663738
"k141_1039022_5_Belongs_to_the_short-chain_dehydrog",-0.16018392928108
"k141_1039022_6_DNA_Topoisomerase_I__eukaryota_",0.321356545362973
"k141_1042615_1_Nicotinamide-nucleotide_adenylyltra",-0.727542405387342
"k141_1042615_10_Forms_part_of_the_ribosomal_stalk_",-0.341744427439068
"k141_1042615_11_Forms_part_of_the_ribosomal_stalk_",0.0335125748690701
"k141_1042615_12_pyruvate_flavodoxin_ferredoxin_oxi",-0.244359288367289
"k141_1042615_13_Pyruvate_ferredoxin_oxidoreductase",0.265255220213796
"k141_1042615_14_-",-0.256850501163599
"k141_1042615_15_-",0.0548564996765752
"k141_1042615_16_-",0.382920435392047
"k141_1042615_17_F420-0_Gamma-glutamyl_ligase",-0.847884567062091
"k141_1042615_18_Catalyzes_the_isomerization_betwee",0.275416374810788
"k141_1042615_19_3-isopropylmalate_dehydratase__sma",0.499492765825553
"k141_1042615_2_oxidoreductase_FAD_NAD_P_-binding",0.326138840187622
"k141_1042615_20_3-isopropylmalate_dehydratase__lar",-0.67160254741621
"k141_1042615_21_3-isopropylmalate_dehydratase__sma",-0.717664786856446
"k141_1042615_22_PFAM_Nucleotidyl_transferase",0.284332801507521
"k141_1042615_23_Belongs_to_the_universal_ribosomal",-0.158890585857683
"k141_1042615_24_This_protein_is_one_of_the_early_a",0.626659872178799
"k141_1042615_25_ribosomal_protein",0.185907341769125
"k141_1042615_26_DNA-directed_RNA_polymerase__alpha",0.0288899035821808
"k141_1042615_27_Shwachman-Bodian-Diamond_syndrome_",0.421818488571911
"k141_1042615_28_Non-catalytic_component_of_the_exo",0.553650530330874
"k141_1042615_6_PFAM_blue__type_1__copper_domain_pr",-0.877468925641556
"k141_1042615_7_Involved_in_DNA_repair_and_in_homol",-0.620071834259332
"k141_1042615_8_helix_turn_helix_ASNC_type",0.0500988421899668
"k141_1042615_9_Binds_directly_to_23S_rRNA__Probabl",0.341695595714963
"k141_1045813_1_COG1599_Single-stranded_DNA-binding",-0.347251416602382
"k141_1045813_2_DEAD_H_associated",-1.32753103982393
"k141_1055481_1_DEAD_DEAH_box_helicase_domain_prote",0.128881869012482
"k141_1055481_2_PPIC-type_PPIASE_domain",0.643688509973427
"k141_1055481_3_zinc_finger",-1.34581184339681
"k141_1055481_5_helix_turn_helix_ASNC_type",-0.0877032049560633
"k141_1055481_6_ATP_binding_to_DnaK_triggers_the_re",-0.120839598245381
"k141_1055481_8_Metal_dependent_phosphohydrolases_w",0.140252160392931
"k141_1055481_9_FAD_linked",-0.739043217927519
"k141_1057077_1_Exchanges_the_guanine_residue_with_",-0.688255106549846
"k141_1065808_1_magnesium_chelatase",0.379270189457613
"k141_1065808_2_von_Willebrand_factor__type_A",1.69395318576585
"k141_108964_1_Located_at_the_top_of_the_head_of_th",0.428202863734774
"k141_1114403_1_PFAM_TCP-1_cpn60_chaperonin_family",1.19285653240151
"k141_11145_1_Part_of_the_phosphoribosylformylglyci",-0.126539714171736
"k141_11145_10_Nucleotidyl_transferase",1.17449720394773
"k141_11145_2_Catalyzes_the_formation_of_phosphorib",-0.133839440363259
"k141_11145_3_zinc_finger",-0.343381205577303
"k141_11145_4_HD_domain",-0.845674621059394
"k141_11145_5_-",-0.314977951993272
"k141_11145_6_-",1.59881600759913
"k141_11145_7_-",1.70142879482005
"k141_11145_8_-",0.21805501901515
"k141_11145_9_SNARE_associated_Golgi_protein",-0.371721137468767
"k141_1117170_2_-",0.255473298916326
"k141_1117170_3_Cell_division_protein_48__CDC48__do",-0.850839786618167
"k141_1118477_1_FAD_dependent_oxidoreductase",0.314192238616022
"k141_1118477_2_-",0.406757697597503
"k141_1118477_3_AAA_ATPase_domain",0.237677013453837
"k141_1120196_1_Amidohydrolase_family",1.14757161967002
"k141_1120196_2_Catalyzes_the_formation_of_2-amino-",-0.616338897488331
"k141_1125900_1_FR47-like_protein",0.299037188912626
"k141_1125900_2_HTH_DNA_binding_domain",1.05675206423877
"k141_1125900_3_Met-10+_like-protein",-0.348920865962397
"k141_1131893_1_Rossmann_fold_nucleotide-binding_pr",-0.934847227262278
"k141_1131903_1_Belongs_to_the_class-IV_pyridoxal-p",-0.0986225232680829
"k141_1131903_2_-",2.02279517579827
"k141_1131907_3_Glycosyltransferase_family_28_C-ter",-1.35167578862833
"k141_1131907_4_Amino_acid_kinase_family",-0.960643994196012
"k141_1131907_5_-",0.0923581242747136
"k141_1131907_6_Belongs_to_the_class-IV_pyridoxal-p",-0.381240563443881
"k141_114054_1_FAD_linked",-1.31711702256917
"k141_1143927_1_Belongs_to_the_enoyl-CoA_hydratase_",0.381458896191426
"k141_1143927_2_Succinyl-CoA_ligase_like_flavodoxin",0.196786148096312
"k141_1145589_10_This_is_one_of_the_proteins_that_b",0.410444092928991
"k141_1145589_11_aspartate_ornithine_carbamoyltrans",-0.38041877941859
"k141_1145589_12_Involved_in_targeting_and_insertio",0.0665531736872035
"k141_1145589_13_Molecular_chaperone_capable_of_sta",0.94138244667844
"k141_1145589_14_Destroys_radicals_which_are_normal",0.498749102035572
"k141_1145589_15_Belongs_to_the_peptidase_S8_family",-0.179570279512563
"k141_1145589_16_Involved_in_the_gluconeogenesis__C",1.2842828765382
"k141_1145589_17_ribosomal_protein",0.473141187328043
"k141_1145589_18_Binds_to_the_23S_rRNA",0.376227761599917
"k141_1145589_19_6-O-methylguanine_DNA_methyltransf",-0.117070067994334
"k141_1145589_2_Could_be_responsible_for_synthesis_",0.128637498991341
"k141_1145589_20_D-aminoacyl-tRNA_deacylase_with_br",-1.12928933617453
"k141_1145589_21_Essential_subunit_of_the_Sec_prote",-0.677475499772493
"k141_1145589_22_Transcription_elongation_factor_Sp",-0.394673238792448
"k141_1145589_23_Forms_part_of_the_ribosomal_stalk_",0.391348576245613
"k141_1145589_24_-",-0.655540434327863
"k141_1145589_25_PFAM_D12_class_N6_adenine-specific",-0.200533656298194
"k141_1145589_26_Archaeal_ammonia_monooxygenase_sub",0.212211436763665
"k141_1145589_27_-",0.397442826602064
"k141_1145589_28_PFAM_Ammonia_monooxygenase_methane",0.344547879590638
"k141_1145589_29_Monooxygenase_subunit_B_protein",0.108510491683168
"k141_1145589_3_Belongs_to_the_cytidylate_kinase_fa",-0.917825080592046
"k141_1145589_30_-",-0.0302187844197457
"k141_1145589_31_-",0.223814659532254
"k141_1145589_32_-",0.331797292580622
"k141_1145589_33_ribosomal_protein",0.0707261061513134
"k141_1145589_34_DHHA1_domain",-0.698776391218327
"k141_1145589_35_Transcription_factor_Pcc1",3.11540453548659
"k141_1145589_36_Catalyzes_the_attachment_of_serine",-0.255480374206223
"k141_1145589_37_Belongs_to_the_eukaryotic_ribosoma",0.102671284661628
"k141_1145589_39_Is_involved_in_the_reduction_of_2_",-0.449436337095918
"k141_1145589_4_membrane",-0.204668095132606
"k141_1145589_40_ATPase_family_associated_with_vari",0.035807660424507
"k141_1145589_41_von_Willebrand_factor__vWF__type_A",-0.649779210334321
"k141_1145589_42_Pyridoxal-phosphate_dependent_enzy",-0.153580760388846
"k141_1145589_43_ASCH_domain",-0.102757752504916
"k141_1145589_44_General_factor_that_plays_a_role_i",-0.253093251022537
"k141_1145589_45_-",-0.69696912692453
"k141_1145589_46_peptidyl-tyrosine_sulfation",-0.0390488513584284
"k141_1145589_49_-",1.09570926277197
"k141_1145589_5_Belongs_to_the_archaeal_adenylate_k",0.0585378890338504
"k141_1145589_50_Transaldolase_is_important_for_the",-0.375290948441966
"k141_1145589_51_Transketolase__pyrimidine_binding_",-0.107788607985028
"k141_1145589_52_Transketolase__thiamine_diphosphat",0.521205412253011
"k141_1145589_54_Cyclophilin_type_peptidyl-prolyl_c",0.110865289844752
"k141_1145589_56_-",-0.00510900515986226
"k141_1145589_57_4Fe-4S_single_cluster_domain",0.7319376712583
"k141_1145589_58_Mitochondrial_biogenesis_AIM24",-0.435929707700777
"k141_1145589_6_The_central_subunit_of_the_protein_",-0.423200292871575
"k141_1145589_7_Binds_to_the_23S_rRNA",-0.484780886907128
"k141_1145589_8_ribosomal_protein",0.475434331319404
"k141_1145589_9_Belongs_to_the_universal_ribosomal_",0.450454045561164
"k141_1150006_10_Belongs_to_the_UPF0218_family",-0.693815769885233
"k141_1150006_11_Binds_and_transfers_iron-sulfur__F",-0.0177739452728439
"k141_1150006_12_DNA-directed_RNA_polymerase",0.405111669030576
"k141_1150006_13_Transcription_elongation_factor_Sp",0.111607371156378
"k141_1150006_14_Involved_in_the_catabolism_of_quin",-0.0920286633530565
"k141_1150006_15_Catalyzes_the_condensation_of_imin",-0.25508859385344
"k141_1150006_16_Specifically_catalyzes_the_NAD_or_",-0.785454298604418
"k141_1150006_17_NurA",-0.171133515255548
"k141_1150006_18_Domain_of_unknown_function_DUF87",-0.125609869962385
"k141_1150006_19_Calcineurin-like_phosphoesterase_s",-0.135322384490583
"k141_1150006_20_AAA_domain",0.114419478286965
"k141_1150006_21_PBS_lyase_HEAT-like_repeat",0.343728402769913
"k141_1150006_25_-",-0.431036109915931
"k141_1150006_26_Ribosomal_protein_L15E",0.421333271275961
"k141_1150006_3_Converts_heme_B__protoheme_IX__to_h",0.617063066930142
"k141_1150006_4_PFAM_blue__type_1__copper_domain_pr",0.502056708196435
"k141_1150006_5_metal-dependent_protease_of_the_PAD",2.19893515374159
"k141_1150006_6_Domain_of_unknown_function__DUF2024",0.511599391197316
"k141_1150006_7_-",0.864192170515708
"k141_1150006_8_Proton_pump_that_utilizes_the_energ",0.852627555327913
"k141_1150006_9_-",-0.957382131737866
"k141_1150981_1_serine-type_endopeptidase_activity",0.278761256348509
"k141_1150981_2_-",0.077058543621199
"k141_115175_1_biotin-_Acetyl-CoA-carboxylase__liga",0.746713946833796
"k141_1155836_2_PFAM_ribosomal_protein_L7Ae_L30e_S1",0.381949048138551
"k141_1155836_3_metallopeptidase_activity",-0.545701671948047
"k141_1155836_4_DNA-dependent_RNA_polymerase_cataly",0.381105631934257
"k141_1155836_5_DNA-dependent_RNA_polymerase_cataly",-0.188834202774606
"k141_1155836_6_DNA-dependent_RNA_polymerase_cataly",-0.194184490059351
"k141_1155836_7_peptidyl-tyrosine_sulfation",0.629833357465596
"k141_1155836_8_peptidyl-tyrosine_sulfation",0.653660983185157
"k141_1156638_1_One_of_the_primary_rRNA_binding_pro",-0.168652017793495
"k141_1156819_1_HTH_DNA_binding_domain",-0.262103106138414
"k141_1156819_2_Met-10+_like-protein",-2.25689392357796
"k141_1156970_1_Pyridoxamine_5'-phosphate",-1.16092384739145
"k141_1156970_11_Catalyzes_the_dehydration_of_the_S",-0.561605622671029
"k141_1156970_12_Peptidase_dimerisation_domain",-1.70248923607897
"k141_1156970_2_Luciferase-like_monooxygenase",0.152033734492131
"k141_1156970_3_PFAM_Iron-containing_alcohol_dehydr",0.0416957314642826
"k141_1156970_4_MOFRL_family",-0.739960152649639
"k141_1156970_5_-",-0.0651940082572252
"k141_1156970_6_exonuclease_of_the_beta-lactamase_f",-0.440083013739054
"k141_1156970_7_phosphoribosylglycinamide_formyltra",0.0393854023597367
"k141_1156970_8_Cupin_domain",-0.501207734534159
"k141_1159481_2_serine-type_endopeptidase_activity",1.59392906266102
"k141_1159481_3_PFAM_blue__type_1__copper_domain_pr",0.395424067518173
"k141_116300_3_-",-0.27411702095179
"k141_116300_6_ATP_synthase__F_14-kDa__subunit",0.137437677070202
"k141_116300_7_Glucose_dehydrogenase_C-terminus",-0.467646036431491
"k141_1163692_1_-",-2.94122918165611
"k141_1163692_2_Belongs_to_the_class-IV_pyridoxal-p",-1.1366696126109
"k141_1164074_1_PFAM_Radical_SAM_domain_protein",-0.266297003312309
"k141_1164074_2_Belongs_to_the_peptidase_M24B_famil",0.636180639990905
"k141_1164074_3_Thiamine_biosynthesis_protein__ThiI",0.670608394559867
"k141_1164074_4_Pfam_DUF552",-1.00681557982585
"k141_1164074_5_RNA-metabolising_metallo-beta-lacta",0.158726694401174
"k141_1164074_6_Component_of_the_proteasome_core__a",0.519907921336263
"k141_1164074_7_Catalyzes_the_NAD_P_H-dependent_red",-0.228629367035473
"k141_1164074_8_Peptidyl-prolyl_cis-trans",0.619403516678691
"k141_1164776_1_-",0.484729666772686
"k141_1164776_2_CBS_domain",0.124056893772746
"k141_1164776_3_Bifunctional_nuclease",-0.15470214884384
"k141_1164776_4_Domain_of_unknown_function__DUF1297",0.397916120255998
"k141_1167157_1_Vinylacetyl-CoA_Delta-isomerase",-0.0921028041271148
"k141_1170003_1_Periplasmic_solute_binding_protein",-0.452585655374814
"k141_1170211_2_-",0.839199512930256
"k141_1170211_3_-",0.0921678175564357
"k141_1170580_1_Catalyzes_the_attachment_of_glutama",-0.108105661585833
"k141_1171746_1_Produces_ATP_from_ADP_in_the_presen",2.31095020742138
"k141_1171748_1_Produces_ATP_from_ADP_in_the_presen",-0.209515621079755
"k141_1171748_2_Produces_ATP_from_ADP_in_the_presen",0.670387419873526
"k141_1171748_4_ATP_synthase_subunit_C",0.523337263080314
"k141_1171748_5_Involved_in_allosteric_regulation_o",0.119843637085795
"k141_1171748_6_aspartate_carbamoyltransferase",0.148849230080943
"k141_1171748_7_-",0.0814567520098184
"k141_1171748_8_Ribbon-helix-helix_protein__copG_fa",0.0167615359534765
"k141_1171998_1_Converts_heme_B__protoheme_IX__to_h",-1.38497091236054
"k141_1172679_1_Glycosyl_transferase_family_group_2",-0.0684829455130375
"k141_1172679_10_Molecular_chaperone_capable_of_sta",0.855244757350627
"k141_1172679_11_protein_conserved_in_archaea",-0.934511810727043
"k141_1172679_12_Ribosomal_L37ae_protein_family",-0.597453496111939
"k141_1172679_13_Non-catalytic_component_of_the_exo",0.177706667409127
"k141_1172679_14_Catalytic_component_of_the_exosome",0.118191239908724
"k141_1172679_2_ferredoxin",0.161276524722545
"k141_1172679_4_-",0.0122746273509715
"k141_1172679_5_Rhodanese_Homology_Domain",0.695457834300508
"k141_1172679_6_Involved_in_the_regulation_of_the_i",0.228439284012684
"k141_1172679_7_PIN_domain_of_ribonuclease",0.0338016343591814
"k141_1172679_8_ERCC4_domain",0.235767189689622
"k141_1175494_26_DNA_methylase",-0.0964798329229499
"k141_1178007_1_-",-0.603273691353801
"k141_1178007_10_Removes_the_N-terminal_methionine_",-0.0117777761857223
"k141_1178007_12_Protein_of_unknown_function__DUF15",-0.0840250376900543
"k141_1178007_13_General_factor_that_plays_a_role_i",0.610709258283865
"k141_1178007_2_DNA-dependent_RNA_polymerase_cataly",-0.648762054779826
"k141_1178007_3_Involved_in_the_binding_of_tRNA_to_",-0.279197723821286
"k141_1178007_4_This_protein_promotes_the_GTP-depen",0.125430483756869
"k141_1178007_5_-",0.432997923406598
"k141_1178007_6_TIGRFAM_2-methylcitrate_synthase_ci",-0.387118293633364
"k141_1178007_8_DHHA1_domain",0.191899187179239
"k141_1180849_1_AIR_carboxylase",0.746987118263606
"k141_1180849_2_Belongs_to_the_LDH_MDH_superfamily",0.547684516578215
"k141_1180849_3_Protein_of_unknown_function_DUF111",0.0293424485627662
"k141_1180849_4_tRNA_methyl_transferase",-1.32864037613713
"k141_1180849_5_Cysteine_desulfurase",-0.343050750298854
"k141_1180849_6_peptidyl-tyrosine_sulfation",0.406130250043876
"k141_1181038_2_-",-0.463215343632801
"k141_118141_1_Translin_family",-1.3468177089241
"k141_1182103_1_2-keto-4-pentenoate_hydratase_2-oxo",0.76679556613514
"k141_1186696_1_-",1.10394748063857
"k141_1188127_1_Tetratricopeptide_repeat",-0.398600306357544
"k141_1189558_1_Non-catalytic_component_of_the_exos",-0.112033241784763
"k141_1195241_1_-",1.411155118795
"k141_1195241_2_Activator_of_Hsp90_ATPase_homolog_1",-0.226661679121568
"k141_1195510_1_Enoyl-_Acyl_carrier_protein__reduct",-0.0566663318358196
"k141_1195510_2_membrane_transporter_protein",0.411150751003531
"k141_1195828_2_-",-0.327773390924117
"k141_1195828_3_Catalyzes_a_mechanistically_unusual",1.76595206362488
"k141_1195828_5_Hydroxymethylglutaryl-coenzyme_A_sy",0.684876656995499
"k141_1202204_1_ATP_phosphoribosyltransferase",-0.293499383114436
"k141_1202204_2_Belongs_to_the_HMG-CoA_reductase_fa",0.0757923494624469
"k141_1202204_3_Glucose_sorbosone",-0.0921176111024442
"k141_1203688_1_COG1361_S-layer_domain",0.895922690293805
"k141_1203688_2_-",0.188490062163579
"k141_1203688_4_-",0.156782850120344
"k141_1203688_5_TIGRFAM_glutamine_synthetase__type_",0.320830928233342
"k141_1205482_1_Cysteine_desulfurase",-0.915427232360753
"k141_1205482_2_peptidyl-tyrosine_sulfation",0.148627428707892
"k141_1205482_3_peptidyl-tyrosine_sulfation",-0.565672247992438
"k141_1205482_4_peptidyl-tyrosine_sulfation",-0.183552840209643
"k141_1206530_3_Catalyzes_the_transfer_of_a_ribosyl",-1.29030699187268
"k141_1210489_2_TIGRFAM_glucosamine--fructose-6-pho",0.884343973607637
"k141_1220770_1_Uncharacterized_ACR__COG1430",-0.564519358503729
"k141_1220770_3_membrane_transporter_protein",-0.711459102171394
"k141_1240760_1_Belongs_to_the_P_II__protein_family",0.127273972480181
"k141_1240760_2_CBS_domain",0.244533288212018
"k141_1248913_1_Stabilizes_TBP_binding_to_an_archae",-0.63963977652243
"k141_1248913_2_-",-0.732478824441851
"k141_1248913_3_-",-0.404220509478775
"k141_1248913_4_Inositol_monophosphatase",-1.23791763061471
"k141_1248913_5_Catalyzes_the_synthesis_of_activate",0.257696448134019
"k141_1248913_6_Hemerythrin_HHE_cation_binding_doma",0.749636846664191
"k141_128694_10_nucleic-acid-binding_protein_contai",-1.63201242491734
"k141_128694_11_Thiolase__N-terminal_domain",-0.497647581931632
"k141_128694_4_Catalyzes_the_gamma-elimination_of_p",-0.289180501279215
"k141_128694_5_-",-0.134958939164019
"k141_128694_7_-",0.382298251072874
"k141_128694_8_acid_phosphatase_activity",-0.268449858374676
"k141_128694_9_A_structure-specific_endonuclease_th",0.0255785698539186
"k141_12966_1_FAD_dependent_oxidoreductase",-1.05884514236747
"k141_12966_2_-",0.468355276854866
"k141_132546_1_segregation_and_condensation_protein",-0.803446979878133
"k141_132546_2_chromosome_segregation_and_condensat",1.22707191733164
"k141_14144_1_glycosyl_transferase_family",-0.380624638709666
"k141_14144_2_DNA-dependent_ATPase_and_3'-5'_DNA_he",-0.462023715403549
"k141_14144_3_Belongs_to_the_MCM_family",-0.252966887586682
"k141_141655_1_Aldo_keto_reductase_family",0.244343626439028
"k141_141655_3_mttA_Hcf106_family",-0.866295397987632
"k141_141965_1_COG1361_S-layer_domain",-0.352964967161442
"k141_14663_2_Diphthamide_biosynthesis",1.22697397879263
"k141_154090_2_Protein_of_unknown_function_DUF126",-0.618515954219196
"k141_154090_3_AMMECR1",0.191547958588924
"k141_154090_5_Fibronectin-binding_protein_A_N-term",-1.07512600044132
"k141_154092_2_Fibronectin-binding_protein_A_N-term",-0.136577563495478
"k141_168551_3_DNA_methylase",-0.138887130265414
"k141_17115_2_Isocitrate_isopropylmalate_dehydrogen",-0.577383358429833
"k141_17115_3_Isocitrate_isopropylmalate_dehydrogen",0.533639596296602
"k141_17115_4_Methyltransferase_small_domain",0.420585792880714
"k141_17137_10_Involved_in_the_third_step_of_the_ch",-0.968179289178685
"k141_17137_2_-",-0.127318883194629
"k141_17137_3_-",-0.0246179278710862
"k141_17137_6_UbiD_family_decarboxylase",-0.0466587127818765
"k141_17137_7_Radical_SAM_enzyme_that_catalyzes_the",0.37201858958253
"k141_17137_8_Catalyzes_a_transaldol_reaction_betwe",0.641598667222379
"k141_17137_9_Catalyzes_the_oxidative_deamination_a",-0.0818490867895663
"k141_188837_1_COG1651_Protein-disulfide_isomerase",-2.10879048131264
"k141_188837_2_Catalyzes_the_complex_heterocyclic_r",0.54424849453937
"k141_189598_1_Belongs_to_the_class-IV_pyridoxal-ph",0.157164443373636
"k141_189998_1_Produces_ATP_from_ADP_in_the_presenc",-0.0249682812640667
"k141_189998_10_CRISPR-associated_protein_Cas4",-0.529251241761694
"k141_189998_12_-",0.370640309107935
"k141_189998_13_-",0.171703520712962
"k141_189998_14_Catalyzes_the_reversible_phosphoryl",-0.127709671128708
"k141_189998_15_Metal_dependent_phosphohydrolases_w",-0.262734800229875
"k141_189998_2_Produces_ATP_from_ADP_in_the_presenc",-0.0593173150513246
"k141_189998_3_Produces_ATP_from_ADP_in_the_presenc",-0.408433652512383
"k141_189998_4_Belongs_to_the_V-ATPase_116_kDa_subu",0.452352694670819
"k141_189998_5_Rhodanese_Homology_Domain",0.299135931841557
"k141_189998_6_Ammonium_Transporter",-0.154849809079911
"k141_189998_7_-",-0.627263693007924
"k141_189998_8_ATP_synthase__C_AC39__subunit",0.0696503572914268
"k141_189998_9_-",1.24441445011967
"k141_190801_1_Tubulin_FtsZ_family__GTPase_domain",-0.45797043985024
"k141_192652_10_RNA_polymerase_Rpb3_Rpb11_dimerisat",0.33942909350515
"k141_192652_11_-",0.780081877015517
"k141_192652_12_-",0.132393044259366
"k141_192652_13_-",0.233325242813482
"k141_192652_14_Dual_specificity_phosphatase__catal",0.420168521478508
"k141_192652_15_Radical_SAM",-0.612142612547987
"k141_192652_16_Putative_cyclase",-0.754388528615576
"k141_192652_2_-",0.069709594217408
"k141_192652_3_Lrp_AsnC_ligand_binding_domain",-1.84524297649818
"k141_192652_4_Tyrosine--tRNA_ligase",0.067687403037252
"k141_192652_5_Tetrapyrrole__Corrin_Porphyrin__Meth",-0.179554689969308
"k141_192652_6_-",0.446565356135215
"k141_192652_7_Belongs_to_the_aspartokinase_family",-0.508233860608554
"k141_192652_8_Sliding_clamp_subunit_that_acts_as_a",-0.114675917588564
"k141_192652_9_Belongs_to_the_archaeal_rpoM_eukaryo",-0.290169804305137
"k141_19539_2_Catalyzes_the_interconversion_of_meth",-0.254856546635693
"k141_19539_4_Coenzyme_PQQ_synthesis_protein_D__Pqq",0.0696717950177995
"k141_19539_5_Enoyl-_Acyl_carrier_protein__reductas",0.107491995479779
"k141_19539_6_-",-0.513711398509897
"k141_19539_8_Diphthamide_biosynthesis",1.55001073740639
"k141_196607_2_lysine_biosynthesis_protein_LysW",-0.887921418216381
"k141_197414_1_Required_for_maturation_of_urease_vi",-0.816231160100985
"k141_197414_2_Facilitates_the_functional_incorpora",0.121460156377901
"k141_197884_1_peptidyl-tyrosine_sulfation",-0.214141160732764
"k141_197884_3_Cysteine_desulfurase",-0.64883988186073
"k141_197884_4_tRNA_methyl_transferase",-0.327803271903896
"k141_202344_1_Sodium_hydrogen_exchanger",-0.562561021090073
"k141_202344_10_Glyoxalase_bleomycin_resistance_pro",0.599295205784788
"k141_202344_11_Methylmalonyl-CoA_mutase",0.166764612980584
"k141_202344_12_LAO_AO_transport_system_ATPase",-0.403822872578337
"k141_202344_14_-",1.1889932817685
"k141_202344_15_Peptidase_family_M1_domain",-0.0212319103593593
"k141_202344_16_B12_binding_domain",0.913126447882166
"k141_202344_17_Involved_in_the_biosynthesis_of_bra",-0.670753281163157
"k141_202344_20_RNA_methylase",0.367116852700132
"k141_202344_21_COG0365_Acyl-coenzyme_A_synthetases",-1.04406010369317
"k141_202344_22_-",0.558150964752935
"k141_202344_23_-",0.770247664621599
"k141_202344_25_Catalyzes_the_reductive_methylation",-0.630099143052638
"k141_202344_3_cytochrome_c_biogenesis_protein",-0.494421580874881
"k141_202344_4_AhpC_TSA_family",-0.240795695025675
"k141_202344_5_conserved_protein_implicated_in_secr",-0.280183117184724
"k141_202344_6_-",0.586827470684997
"k141_202344_8_Pyruvate_phosphate_dikinase",0.117758844633823
"k141_202344_9_Helix-turn-helix_XRE-family_like_pro",0.0546369813584212
"k141_207833_2_-",-1.29031968977879
"k141_21090_1_peptidyl-tyrosine_sulfation",0.548924249599006
"k141_21090_2_peptidyl-tyrosine_sulfation",-0.12827927678759
"k141_213517_3_-",-0.204753198169405
"k141_213517_5_-",0.377769973117474
"k141_217676_1_Catalyzes_the_GTP-dependent_ribosoma",0.669084951118325
"k141_217676_2_-",-0.0342688636917273
"k141_217676_3_-",-0.264294396752987
"k141_217950_1_Pyridoxal-phosphate_dependent_enzyme",-0.684599752619834
"k141_219939_1_NHL_repeat_containing_protein",0.655628756909354
"k141_219939_2_Oligopeptide_dipeptide_transporter__",-1.00988564907732
"k141_219939_3_-",-0.104253111173956
"k141_219939_4_SNARE_associated_Golgi_protein",-0.609770132306776
"k141_219939_5_uracil-DNA_glycosylase",1.5448959923072
"k141_224365_1_Redoxin",-0.099027809199318
"k141_224665_1_Ferritin-like_domain",0.115248223164938
"k141_224665_2_Zinc-dependent_metalloprotease",0.263235939312225
"k141_224665_3_-",-0.69132666952952
"k141_224665_4_biotin-_Acetyl-CoA-carboxylase__liga",-1.93463447729879
"k141_224757_2_Phosphoribosylformylglycinamidine_cy",-1.04174551209178
"k141_224757_3_PAC2_family",0.309709986274104
"k141_22527_3_Converts_heme_B__protoheme_IX__to_hem",1.88388047056574
"k141_229285_10_PFAM_blue__type_1__copper_domain_pr",-0.0145230005797295
"k141_229285_11_Adenylate_guanylate_cyclase_with_in",-1.22757316149167
"k141_229285_12_Belongs_to_the_P_II__protein_family",-2.26502725860622
"k141_229285_13_copper_ion_binding",-0.442776912525157
"k141_229285_14_4Fe-4S_binding_domain",0.875535880061497
"k141_229285_16_Aminotransferase_class-V",0.301997209679585
"k141_229285_17_Lrp_AsnC_ligand_binding_domain",-0.419968205536047
"k141_229285_3_-",-0.428526698941706
"k141_229285_4_-",2.00721060092059
"k141_229285_5_CBS_domain",-0.48417749981004
"k141_229285_6_Belongs_to_the_LDH_MDH_superfamily",-1.63542520287274
"k141_229285_7_Universal_stress_protein",0.305962883256106
"k141_229285_8_-",-1.68182146631934
"k141_229285_9_DnaJ_molecular_chaperone_homology_do",1.86154861473242
"k141_230433_3_-",0.131604061295193
"k141_230433_4_-",0.144266292356649
"k141_230433_5_-",-0.151984419744987
"k141_230433_6_DNA_Topoisomerase_I__eukaryota_",0.886295328780671
"k141_231662_10_-",-0.477922622601928
"k141_231662_11_ATP-grasp_domain",-0.00145145545961073
"k141_231662_12_Succinyl-CoA_synthetase_functions_i",0.258843463227064
"k141_231662_13_Belongs_to_the_eukaryotic_ribosomal",-0.666326952061827
"k141_231662_17_serine-type_endopeptidase_activity",-0.695824248969321
"k141_231662_18_-",0.413880149684318
"k141_231662_19_ribosomal_protein",0.322772708778286
"k141_231662_20_tRNA_intron_endonuclease__N-termina",-0.599274999983874
"k141_231662_21_COG1061_DNA_or_RNA_helicases_of_sup",-0.438142684377149
"k141_231662_22_Protein_of_unknown_function__DUF541",-0.690494170223882
"k141_231662_23_Catalyzes_the_conversion_of_N5-carb",0.0949032142206831
"k141_231662_24_-",-0.0860429462757681
"k141_231662_25_-",-0.319346512586343
"k141_231662_4_Cupin_domain",-0.268780360018391
"k141_231662_7_Catalyzes_the_oxidation_of_5_10-_met",-0.719738711482777
"k141_231662_8_5-formyltetrahydrofolate_cyclo-ligas",-0.484321248903589
"k141_231662_9_Belongs_to_the_class-I_aminoacyl-tRN",0.0640298144213131
"k141_238155_1_Belongs_to_the_FPP_GGPP_synthase_fam",0.625223494138684
"k141_238155_10_Catalyzes_the_epimerization_of_the_",-1.3070766539255
"k141_238155_2_NUDIX_domain",0.606527246772364
"k141_238155_3_Amino_acid_kinase_family",0.467778516086042
"k141_238155_4_Catalyzes_the_phosphorylation_of__R_",-0.220236906314913
"k141_238155_5_Belongs_to_the_MEMO1_family",-0.453340334381901
"k141_238155_6_Belongs_to_the_universal_ribosomal_p",0.255208156848363
"k141_238155_7_Catalyzes_the_reversible_conversion_",-0.00731205739789076
"k141_238155_8_DNA-dependent_RNA_polymerase_catalyz",0.0552424196522493
"k141_238155_9_Translin_family",-0.0832168102394963
"k141_24033_1_Belongs_to_the_UDP-glucose_GDP-mannos",-0.114441899508298
"k141_24439_1_Belongs_to_the_P_II__protein_family",1.58838040057394
"k141_24439_2_CBS_domain",0.233174520151375
"k141_24439_3_transcriptional_regulators",-0.677418896311276
"k141_24439_4_CBS_domain",-1.70655264144321
"k141_247020_1_GTPase_of_unknown_function_C-termina",0.105557588569514
"k141_247210_1_Is_involved_in_the_reduction_of_2_3-",0.203845172466623
"k141_248745_1_zinc_finger",-0.56976507066431
"k141_248745_2_-",0.799952419940507
"k141_248745_3_NAD-binding_of_NADP-dependent_3-hydr",-0.0436034729019999
"k141_248937_1_Belongs_to_the_MCM_family",-0.0488109945179117
"k141_248937_10_Non-catalytic_component_of_the_exos",-0.531166729951898
"k141_248937_11_Prephenate_dehydratase",-0.63980043201159
"k141_248937_12_-",0.987684412988464
"k141_248937_2_GINS_complex_protein",0.421191154943756
"k141_248937_3_Replication_factor_C",-0.851140436481436
"k141_248937_4_PFAM_4Fe-4S_dicluster_domain",0.131179397430195
"k141_248937_5_PFAM_4Fe-4S_dicluster_domain",0.0817411779801991
"k141_248937_6_Binds_to_the_50S_ribosomal_subunit_a",0.0838463746713261
"k141_248937_7_histidyl-tRNA_synthetase",-0.865920665985692
"k141_248937_8_-",0.110092558382763
"k141_248937_9_Zinc-binding_dehydrogenase",0.00160496566995482
"k141_249608_2_PFAM_blue__type_1__copper_domain_pro",0.25611995895356
"k141_254829_1_FAD_dependent_oxidoreductase",0.126876001909175
"k141_254829_4_-",1.39099492018806
"k141_25545_4_AhpC_TSA_antioxidant_enzyme",-0.757074805943989
"k141_25545_5_Major_Intrinsic_Protein",0.481370640129406
"k141_25545_6_acid_phosphatase_activity",0.194803330923356
"k141_25545_8_RNA_methylase",-0.938490681114555
"k141_255478_1_protein_secretion_by_the_type_IV_sec",0.264520033752305
"k141_257406_1_MiaB-like_tRNA_modifying_enzyme",0.780331249479582
"k141_257406_2_Tubulin_FtsZ_family__GTPase_domain",0.265674534022133
"k141_257406_3_Catalyzes_the_transfer_of_a_ribosyl_",0.400873667751963
"k141_257406_4_Domain_of_unknown_function__DUF2088_",-0.769838055710368
"k141_257406_5_Peptidase_family_M50",-0.546466666120617
"k141_260030_2_Catalyzes_the_sequential_NAD-depende",0.116628279437424
"k141_260030_3_PFAM_Aminotransferase_class_I_and_II",-0.858307625925248
"k141_260030_4_Haloacid_dehalogenase-like_hydrolase",-1.44493797350006
"k141_260030_5_imidazoleglycerol-phosphate_dehydrat",0.840659412601652
"k141_260400_1_Cytidylyltransferase-like",1.17407271538974
"k141_260400_2_-",0.325975448955533
"k141_260400_3_-",-1.16225478939547
"k141_260400_4_Belongs_to_the_class-I_aminoacyl-tRN",0.657177898077326
"k141_260400_5_Phenylalanyl-tRNA_synthetase_alpha_s",-0.0958954156179098
"k141_260400_6_phenylalanyl-tRNA_synthetase__beta_s",-0.914867991406082
"k141_261454_1_ROK_family",-1.23378875013918
"k141_261454_10_PFAM_Aminotransferase_class_I_and_I",0.0271694004478255
"k141_261454_11_aspartate-semialdehyde_dehydrogenas",0.0601418937751968
"k141_261454_12_Lrp_AsnC_ligand_binding_domain",-0.212714366124833
"k141_261454_13_Converts_heme_B__protoheme_IX__to_h",-0.288898317289785
"k141_261454_14_-",-0.317886854943486
"k141_261454_15_sister_chromatid_segregation",0.168080027920445
"k141_261454_16_PFAM_ParB_domain_protein_nuclease",0.41406739935419
"k141_261454_2_TCP-1_cpn60_chaperonin_family",-0.0658507021451853
"k141_261454_3_Belongs_to_the_metallo-dependent_hyd",-0.366643697840058
"k141_261454_4_Binds_to_the_23S_rRNA",0.655193788331009
"k141_261454_5_ribosomal_protein",0.921082354912343
"k141_261454_6_MobA-like_NTP_transferase_domain",0.703978985224593
"k141_261454_7_Joins_adenosylcobinamide-GDP_and_alp",-1.07383955699712
"k141_261454_8_Converts_cobyric_acid_to_cobinamide_",-0.761611839764676
"k141_261454_9_Catalyzes_amidations_at_positions_B_",0.612826161021258
"k141_262196_1_zinc-ribbon_domain",0.852077193849529
"k141_264567_2_-",0.62711871765846
"k141_264567_3_Enoyl-_Acyl_carrier_protein__reducta",-0.484595878922783
"k141_26848_1_COG1522_Transcriptional_regulators",0.563213563032846
"k141_26848_2_Specifically_methylates_the_uridine_i",-0.2746491721583
"k141_26848_3_Belongs_to_the_class_I-like_SAM-bindi",-0.71174867057592
"k141_26848_4_Endonuclease_that_specifically_degrad",-0.178354599305595
"k141_26848_5_Involved_in_pre-rRNA_and_tRNA_process",-0.636779157707418
"k141_26848_6_NOSIC__NUC001__domain",-0.558766153226012
"k141_26848_7_Catalyzes_the_conversion_of_dihydroor",0.0390699529403027
"k141_26848_8_Iron-sulfur_cluster_binding_domain_of",-0.406760923882505
"k141_26848_9_Radical_SAM",0.431282069864977
"k141_27216_1_Belongs_to_the_sulfate_adenylyltransf",0.662985900702451
"k141_27216_2_-",0.655304723371073
"k141_27216_3_DNA_repair_enzyme_that_has_both_DNA_N",0.587361946384161
"k141_27216_4_Protein_of_unknown_function__DUF521_",0.437369272549666
"k141_27216_5_Protein_of_unknown_function_DUF126",-4.03373137968227
"k141_277004_1_Fibronectin-binding_protein_A_N-term",0.329353534251422
"k141_277004_2_ribosomal_small_subunit_binding",0.0674822980596348
"k141_277067_1_-",-0.325345143049032
"k141_277067_2_Catalyzes_the_conversion_of_inosine_",0.732677319280351
"k141_277067_3_Pterin_binding_enzyme",0.160489140651075
"k141_277067_4_Catalyzes_the_transfer_of_diphosphat",-0.715811262404311
"k141_277067_5_-",-0.280134460669219
"k141_277067_6_Catalyzes_the_synthesis_of_GMP_from_",-0.227556351945938
"k141_277758_62_-",-0.343387314518838
"k141_284000_1_Aldo_keto_reductase_family",-0.679244142286566
"k141_284000_2_UbiA_prenyltransferase",-0.480043993074241
"k141_284000_3_Uncharacterized_conserved_protein__D",-0.165937196423103
"k141_284000_4_Radical_SAM",0.0419358629947435
"k141_285774_1_5'-3'_exoribonuclease_activity",-0.526526506148651
"k141_285774_2_Peptidyl-tRNA_hydrolase_PTH2",1.298538993534
"k141_285774_3_antibiotic_catabolic_process",-0.151554484655622
"k141_298694_1_Putative_cyclase",0.256155180072523
"k141_308669_1_Sulfite_reductase",-0.0999561345673556
"k141_308669_2_Rhodanese_Homology_Domain",-0.518811670413576
"k141_308669_3_TPR_repeat",-0.885676781637011
"k141_308669_5_small_GTP-binding_protein",-0.334246106305418
"k141_308669_6_Phosphoglycolate_phosphatase",-0.606400033173056
"k141_308669_7_Belongs_to_the_class-I_aminoacyl-tRN",0.771733301373362
"k141_308669_9_tRNA_methyltransferase_complex_GCD14",0.15496544316532
"k141_317779_1_Catalyzes_the_dehydration_of_the_S-f",0.679478297531713
"k141_317779_2_Peptidase_dimerisation_domain",0.88188060119664
"k141_32731_1_Belongs_to_the_MCM_family",-1.3482402054014
"k141_33791_2_Putative_tRNA_binding_domain",-0.680612905349793
"k141_338528_1_-",-0.569380298999819
"k141_338528_10_Binds_to_the_23S_rRNA",-0.516374736617153
"k141_338528_11_Major_role_in_the_synthesis_of_nucl",-0.212652701829157
"k141_338528_2_snRNP_Sm_proteins",0.130161263177862
"k141_338528_3_Creatinine_amidohydrolase",-0.367740815051775
"k141_338528_4_Formyl_transferase",-0.394145438803581
"k141_338528_5_Belongs_to_the_phosphohexose_mutase_",0.0817339078007035
"k141_338528_8_Multifunctional_RNA-binding_protein_",0.0966688262212642
"k141_338528_9_Belongs_to_the_eukaryotic_ribosomal_",-0.514144919995228
"k141_34023_1_pfkB_family_carbohydrate_kinase",0.394679778449068
"k141_34023_10_-",0.380063184381671
"k141_34023_2_ribosomal_protein",0.0924010079381337
"k141_34023_3_Belongs_to_the_CDP-alcohol_phosphatid",-0.704658643421136
"k141_34023_4_Belongs_to_the_arginase_family",-0.272472638941119
"k141_34023_7_inner_membrane_component",-0.268076272246746
"k141_34023_8_inner_membrane_component",-0.397702175902751
"k141_34023_9_-",0.0608309453203183
"k141_3511_1_-",-0.171964711389653
"k141_3511_10_amino_acid",-1.53924499076709
"k141_3511_11_-",-0.277872640981569
"k141_3511_13_Cell_division_protein_48__CDC48___dom",-1.58860522366389
"k141_3511_14_Belongs_to_the_small_heat_shock_prote",-0.548995098745013
"k141_3511_15_-",0.812482179051667
"k141_3511_16_COG1252_NADH_dehydrogenase__FAD-conta",0.203741566677603
"k141_3511_17_Cyclophilin_type_peptidyl-prolyl_cis-",0.487893407457103
"k141_3511_18_-",1.55570123771984
"k141_3511_19_TIGRFAM_precorrin-6y_C5_15-methyltran",0.106175813466712
"k141_3511_2_-",-1.64527303227219
"k141_3511_20_-",-1.57030662566474
"k141_3511_23_-",-0.47940577230916
"k141_3511_24_Possesses_two_activities_a_DNA_synthe",-0.313776185699064
"k141_3511_25_Involved_in_regulation_of_DNA_replica",0.574467439778232
"k141_3511_26_-",0.99056638038315
"k141_3511_27_AbrB_family",-0.0711879160390238
"k141_3511_3_copper_ion_binding",-0.559368383695181
"k141_3511_4_D-isomer_specific_2-hydroxyacid_dehydr",0.386093492285546
"k141_3511_7_Stabilizes_TBP_binding_to_an_archaeal_",-0.321666535050626
"k141_3511_9_PFAM_Ferritin__Dps_family_protein",0.0363404399890937
"k141_35779_1_Involved_in_the_biosynthesis_of_branc",-0.959438684430881
"k141_35781_2_Is_involved_in_the_reduction_of_2_3-_",-0.847375295973352
"k141_36298_1_Belongs_to_the_DegT_DnrJ_EryC1_family",-0.798647308948189
"k141_36298_2_Tetrahydromethanopterin_S-methyltrans",-0.399966316053285
"k141_36298_3_dUTPase",0.210305683684666
"k141_36298_9_pfkB_family_carbohydrate_kinase",0.415619749373949
"k141_3632_2_Catalyzes_the_formation_of_2-amino-5-f",-0.4464694721671
"k141_3636_10_-",1.4482185422195
"k141_3636_11_Anaerobic_ribonucleoside-triphosphate",0.113426712904694
"k141_3636_12_Catalyzes_the_reduction_of_ribonucleo",0.22135744844727
"k141_3636_16_-",-0.643310704339902
"k141_3636_17_Methyltransferase_involved_in_ribosom",-0.88534174383615
"k141_3636_19_Part_of_ribonuclease_P__a_protein_com",0.336340569514649
"k141_3636_2_-",-1.28861385973591
"k141_3636_20_May_be_involved_in_maturation_of_the_",0.590725628151308
"k141_3636_21_Belongs_to_the_PDCD5_family",0.793406107677552
"k141_3636_22_PFAM_Alcohol_dehydrogenase_GroES-like",0.33331823731756
"k141_3636_23_HpcH_HpaI_aldolase_citrate_lyase_fami",-1.18721468952083
"k141_3636_25_COG1522_Transcriptional_regulators",-1.12435522178456
"k141_3636_26_TPR_repeat",-1.79586337399665
"k141_3636_27_riboflavin_synthase__alpha",-0.125436194117378
"k141_3636_28_Catalyzes_the_conversion_of_D-ribulos",-0.198413192564842
"k141_3636_29_Catalyzes_the_formation_of_6_7-dimeth",-0.105441240254807
"k141_3636_3_-",-0.394386194516206
"k141_3636_30_Catalyzes_the_formation_of_2-amino-5-",-0.0116349428195805
"k141_3636_4_Rhomboid_family",0.202885708724142
"k141_3636_5_4-oxalocrotonate_tautomerase",0.265372390400198
"k141_3636_6_Carbon-nitrogen_hydrolase",0.403834731938235
"k141_3636_7_-",-1.04453378803484
"k141_3636_8_Thiolase__N-terminal_domain",-0.0820295862235158
"k141_3636_9_nucleic-acid-binding_protein_containin",1.39173022828493
"k141_373566_2_-",-0.371704258038469
"k141_373566_3_SAICAR_synthetase",-0.307503480685241
"k141_374580_14_Anticodon-binding_domain_of_tRNA",-0.408933751566519
"k141_374580_15_6-pyruvoyl_tetrahydropterin_synthas",0.0242799793551534
"k141_374580_16_pterin-4-alpha-carbinolamine_dehydr",0.74552268540732
"k141_374580_17_Asparagine_synthase",-0.814463922838856
"k141_374580_18_adenylosuccinate_lyase",-0.286859647599652
"k141_374580_19_Belongs_to_the_RtcB_family",-0.766250275870236
"k141_374580_20_-",2.5741566954819
"k141_374580_21_-",1.14518748506554
"k141_374580_22_Located_on_the_platform_of_the_30S_",-0.0924375938316758
"k141_374580_25_Catalyzes_the_ATP-dependent_phospho",-0.817849119165401
"k141_374580_26_phosphoglucomutase_phosphomannomuta",-1.06227155369758
"k141_374580_28_-",-0.421121429667879
"k141_374580_30_Winged_helix-turn-helix",0.167880212403939
"k141_374580_31_-",-0.235214745221739
"k141_374580_32_-",-2.06587896341474
"k141_374580_33_AIPR_protein",0.516191085469383
"k141_374580_34_Methyltransferase_type_11",0.61788579739005
"k141_374580_35_homocysteine_S-methyltransferase",0.650459249130013
"k141_374580_36_Methionine_synthase",-0.363768017634682
"k141_374580_37_cytochrome-c_peroxidase_activity",-0.813807816810104
"k141_374580_38_NUDIX_domain",-0.310205736044199
"k141_374580_41_Belongs_to_the_eukaryotic_ribosomal",0.0741125956602036
"k141_374580_42_Belongs_to_the_ribosomal_protein_L3",0.614370314165926
"k141_374580_43_Directs_the_termination_of_nascent_",0.350332061723442
"k141_374580_7_-",-0.190675679758247
"k141_374580_8_Belongs_to_the_PdxS_SNZ_family",-0.102445598450478
"k141_374580_9_Catalyzes_the_hydrolysis_of_glutamin",-0.269996003366613
"k141_378920_1_-",-1.30374655010723
"k141_378920_4_Pyridoxamine_5'-phosphate",-0.142605000804263
"k141_38131_1_2-keto-4-pentenoate_hydratase_2-oxohe",-0.61128799182792
"k141_384337_1_PFAM_Alcohol_dehydrogenase_GroES-lik",2.48418221456349
"k141_384337_2_YjgF_chorismate_mutase-like__putativ",0.70572260196991
"k141_384337_3_Sugar-specific_transcriptional_regul",1.40320766758973
"k141_388362_2_Belongs_to_the_UPF0284_family",0.215136260843471
"k141_388362_3_Metallo-beta-lactamase_superfamily",0.184780099751943
"k141_388362_4_Catalyzes_the_epimerization_of_the_S",0.183121852448349
"k141_389264_1_Belongs_to_the_LDH_MDH_superfamily",1.62875079767331
"k141_389264_2_AIR_carboxylase",-0.659973621636981
"k141_389264_3_Radical_SAM",0.0971149011123636
"k141_389264_4_-",0.184414023061124
"k141_389264_5_serine-type_endopeptidase_activity",0.353523394729543
"k141_389264_6_-",0.529393945906824
"k141_389362_2_PFAM_CutA1_divalent_ion_tolerance_pr",-1.72446896505626
"k141_389362_4_Asparagine_synthase",0.887651945154439
"k141_389362_6_NAD_P_H-binding",-0.659962399055327
"k141_389618_1_DEAD_H_associated",0.595884580901016
"k141_389921_1_DNA_polymerase",-1.44885097548473
"k141_389921_2_MafB19-like_deaminase",-0.500414309674903
"k141_389921_3_DEAD_DEAH_box_helicase_domain_protei",-0.357008009411586
"k141_393203_1_DEAD_DEAH_box_helicase",-0.631399459773637
"k141_393648_1_uracil-DNA_glycosylase",0.924931213541341
"k141_395211_13_Catalyzes_the_attachment_of_proline",0.0196195143756866
"k141_395211_2_Putative_RNA_methyltransferase",-0.140978944275029
"k141_395211_3_Proteasome_endopeptidase_complex",0.102908506304574
"k141_395211_4_Domain_of_unknown_function__DUF371_",0.721046615723362
"k141_395211_5_SMC_proteins_Flexible_Hinge_Domain",0.691288119935146
"k141_395211_6_-",0.541001578369343
"k141_395211_7_Oligopeptide_dipeptide_transporter__",-0.546781870020872
"k141_395211_8_Histidine-specific_methyltransferase",0.520981873896029
"k141_395211_9_DinB_superfamily",-0.0782132533072377
"k141_398308_2_Cobalamin_B12-binding_domain_protein",-1.38815176474717
"k141_401902_1_Part_of_the_phosphoribosylformylglyc",-0.584533775362285
"k141_401902_2_Domain_in_cystathionine_beta-synthas",-0.610649445326398
"k141_40192_2_Sodium_hydrogen_exchanger",0.455840676145349
"k141_403284_9_COG1175_ABC-type_sugar_transport_sys",0.50592833640683
"k141_409831_1_Lysylphosphatidylglycerol_synthase_T",-0.852560180890428
"k141_409831_2_Belongs_to_the_short-chain_dehydroge",1.06446823376725
"k141_409831_3_-",-1.70248926280096
"k141_411042_2_Belongs_to_the_eukaryotic_ribosomal_",0.27483166788555
"k141_411042_3_This_is_1_of_the_proteins_that_binds",-0.257744876868824
"k141_411042_4_ribosomal_protein_S14",0.721656238326388
"k141_411042_5_One_of_the_primary_rRNA_binding_prot",-0.340720839307958
"k141_411042_6_This_protein_binds_to_the_23S_rRNA__",-0.155297985371222
"k141_41470_1_Trypsin-like_serine_protease_with_C-t",-0.411696433279099
"k141_41470_3_PFAM_Glycosyl_transferase_family_2",-0.934890769154629
"k141_416314_1_-",0.484200588226922
"k141_416314_2_Thioredoxin",0.0987784806321007
"k141_416314_4_Zinc_finger_domain",0.48707527718764
"k141_416314_5_Signal_peptidase",-0.477242482863549
"k141_417407_1_Vinylacetyl-CoA_Delta-isomerase",-0.76625561367639
"k141_418195_1_Catalyzes_the_transfer_of_the_phosph",0.603667982424571
"k141_418195_2_Indole-3-glycerol_phosphate_synthase",0.949755211697929
"k141_419275_1_-",-0.803936288490787
"k141_419275_2_Tetratricopeptide_repeat",-0.226261718440552
"k141_419275_3_-",-0.855624544424524
"k141_423956_2_-",-1.51294903327682
"k141_423956_4_Aminotransferase_class-V",-0.0962080195874341
"k141_423956_5_Cytidylyltransferase-like",1.48856689044677
"k141_423956_6_Catalyzes_the_conversion_of_3'-phosp",-1.16365817954308
"k141_423956_7_Copper_resistance_protein_D",-1.09884313328631
"k141_423956_8_-",0.278736190628941
"k141_4265_2_PFAM_Multicopper_oxidase",0.445244574669531
"k141_431057_1_PFAM_blue__type_1__copper_domain_pro",0.613820594037767
"k141_431057_2_metal-dependent_protease_of_the_PAD1",-1.18016408622453
"k141_433073_1_Cell_division_protein_48__CDC48___do",0.0255273160856789
"k141_433408_1_Diphthamide_biosynthesis",-1.93638062734743
"k141_435844_1_May_function_in_recognizing_stalled_",0.441786656943178
"k141_435844_10_Allows_the_formation_of_correctly_c",-0.666714566384507
"k141_435844_11_Allows_the_formation_of_correctly_c",-0.0852475409565874
"k141_435844_12_Cell_division_protein_48__CDC48___d",0.196028135571569
"k141_435844_2_-",0.423774748810347
"k141_435844_4_-",-0.372446459284747
"k141_435844_5_Helix-turn-helix_diphteria_tox_regul",-0.349052579195287
"k141_435844_6_Archaeal_transcriptional_regulator_T",-0.93417762442636
"k141_435844_7_Radical_SAM",-0.157179070255618
"k141_435844_8_membrane",-1.20906901110161
"k141_439707_5_-",-0.107209520561052
"k141_448359_1_Participates_actively_in_the_respons",-0.352616424932709
"k141_448359_2_Heat_shock_70_kDa_protein",0.150615982256439
"k141_448359_3_DnaJ_central_domain",-0.781221801942931
"k141_448359_4_-",1.27096880521104
"k141_448359_6_Transcription_factor_that_plays_a_ro",0.69634026367549
"k141_45284_2_PFAM_Integrase_core_domain",-0.942389746261505
"k141_454428_10_One_of_the_primary_rRNA_binding_pro",0.885244110996151
"k141_454428_11_Binds_to_23S_rRNA__Forms_part_of_tw",-0.581068246167157
"k141_454428_12_Located_at_the_polypeptide_exit_tun",0.0192338753097437
"k141_454428_2_ribosomal_protein_L3",0.149686145159361
"k141_454428_3_Ribosomal_protein_L4",0.441804692893383
"k141_454428_4_Binds_to_23S_rRNA__One_of_the_protei",-0.0945524538623325
"k141_454428_5_Protein_S19_forms_a_complex_with_S13",-0.125946960999525
"k141_454428_6_The_globular_domain_of_the_protein_i",-0.632733435339913
"k141_454428_7_Binds_the_lower_part_of_the_30S_subu",0.384625421440757
"k141_454428_8_Belongs_to_the_universal_ribosomal_p",2.07452270755046
"k141_454428_9_Part_of_ribonuclease_P__a_protein_co",0.283244629946073
"k141_46005_1_Multicopper_oxidase",0.0505815068223067
"k141_46005_2_Fumarase_C_C-terminus",0.423845794400393
"k141_46005_3_MiaB-like_tRNA_modifying_enzyme",-0.822294090140466
"k141_461664_1_-",-2.26028244009178
"k141_461664_2_-",1.55224956130816
"k141_461664_3_Domain_of_unknown_function__DUF4352_",-0.348846122301881
"k141_461664_5_Pyridoxamine_5'-phosphate",0.744409103034534
"k141_461664_6_Helix-turn-helix_domain",0.169209142280582
"k141_469006_1_Protein_of_unknown_function__DUF354_",-1.16793749611487
"k141_473232_1_PFAM_ABC_transporter",-0.548889207585151
"k141_473241_1_Belongs_to_the_class-I_aminoacyl-tRN",-0.695877266497397
"k141_475543_10_-",-0.594833967933432
"k141_475543_11_-",-0.592421742513261
"k141_475543_12_PFAM_Tetratricopeptide_repeat",-0.794181366036187
"k141_475543_14_Belongs_to_the_class-III_pyridoxal-",-0.440730716694198
"k141_475543_15_PhoU_domain",-1.30222087160192
"k141_475543_16_PFAM_low_molecular_weight_phosphoty",-0.720249396151901
"k141_475543_17_Major_Intrinsic_Protein",-0.914683204331879
"k141_475543_2_Rossmann_fold_nucleotide-binding_pro",-0.368279828742982
"k141_475543_21_PFAM_aminotransferase_class-III",-0.414185609616048
"k141_475543_22_Tetrapolymerization_of_the_monopyrr",0.445047149292291
"k141_475543_23_Belongs_to_the_precorrin_methyltran",-0.560246855739903
"k141_475543_24_Uroporphyrinogen-III_synthase_HemD",-0.519969210438252
"k141_475543_25_FeS_assembly_protein_SufB",-0.559209286881587
"k141_475543_26_FeS_assembly_protein_SufD",-0.44503905534529
"k141_475543_27_of_nitrite_reductase_and_ring-hydro",-1.24214905397498
"k141_475543_28_Catalyzes_the_removal_of_elemental_",0.243019614548346
"k141_475543_29_SUF_system_FeS_assembly_protein",0.631123557019061
"k141_475543_3_3-hydroxyacyl-CoA_dehydrogenase",-0.0456386801953035
"k141_475543_30_-",-1.12706920777705
"k141_475543_4_zinc_finger",0.315012261281375
"k141_475543_5_-",0.249520250366212
"k141_475543_6_HIT_domain",0.121759486452907
"k141_475543_7_DnaJ-class_molecular_chaperone_with_",-0.225743799192174
"k141_475543_9_Cupin",-0.349963183305832
"k141_47575_1_glycosyl_transferase_family_2",-0.285259413033739
"k141_47575_2_conserved_protein_implicated_in_secre",0.253244355932363
"k141_47575_3_Asp_Glu_Hydantoin_racemase",0.511142807883469
"k141_47575_4_synthetase__class_II_",0.474574074197396
"k141_47575_5_Endonuclease_IV_plays_a_role_in_DNA_r",-0.212013827404871
"k141_479995_10_-",-0.191221927879309
"k141_479995_11_Catalyzes_the_NADPH-dependent_reduc",-0.037592451256118
"k141_479995_12_Protein_of_unknown_function__DUF105",-1.20929432096835
"k141_479995_13_oxidoreductase_FAD_NAD_P_-binding",0.519780104674664
"k141_479995_14_Acetyl-CoA_carboxylase__carboxyltra",0.229089890399263
"k141_479995_15_Carbamoyl-phosphate_synthase_L_chai",0.170841914634985
"k141_479995_16_Biotin-requiring_enzyme",-0.426506521015006
"k141_479995_2_Ribosomal_protein_S30",0.550608275157659
"k141_479995_3_Inositol_monophosphatase",-0.614717335530952
"k141_479995_4_-",0.4434386142473
"k141_479995_5_ATPase_family_associated_with_variou",-1.41895640036217
"k141_479995_6_-",-0.287692519221798
"k141_491158_1_Calcineurin-like_phosphoesterase_sup",-1.88009515216292
"k141_499658_2_-",-0.869618092526595
"k141_499658_3_Catalyzes_a_mechanistically_unusual_",-0.0133165835158034
"k141_499658_5_Hydroxymethylglutaryl-coenzyme_A_syn",-0.906079476467071
"k141_50290_1_Catalyzes_a_salvage_reaction_resultin",-0.181878550256164
"k141_50290_10_K_homology_RNA-binding_domain",-0.0568729869555459
"k141_50290_11_Serine_threonine_protein_kinase_invo",-0.00823593931857864
"k141_50290_2_Catalyzes_the_reversible_phosphorylat",0.17891654546761
"k141_50290_3_-",0.474659832810555
"k141_50290_4_-",-0.451778989354688
"k141_50290_5_-",1.21066194524555
"k141_50290_6_-",0.788222817950598
"k141_50290_7_Belongs_to_the_small_heat_shock_prote",-0.027746528798208
"k141_50290_8_Relaxes_both_positive_and_negative_su",0.60787926058479
"k141_50290_9_Relaxes_both_positive_and_negative_su",-0.441804245905457
"k141_505703_1_Belongs_to_the_class-IV_pyridoxal-ph",0.0486037704076046
"k141_505703_2_Oxidoreductase_family__NAD-binding_R",-0.195296093314125
"k141_505703_3_Trm112p-like_protein",-0.535282884218315
"k141_505703_4_Hexapeptide_repeat_of_succinyl-trans",0.14837232654205
"k141_505703_5_-",0.355504374476524
"k141_505703_6_glycosyl_transferase_family",-0.325758252871164
"k141_509842_1_Catalyzes_the_formation_of_2-amino-5",-0.0810972972566878
"k141_509842_2_Amidohydrolase_family",2.53185853750161
"k141_509842_3_RibD_C-terminal_domain",-0.948018356959004
"k141_509842_4_-",0.298267604208936
"k141_515555_2_PFAM_blue__type_1__copper_domain_pro",0.0131920046899831
"k141_515555_3_Ribose_5-phosphate_isomerase",-1.290304992346
"k141_515555_4_-",-0.229627330160259
"k141_52753_1_Peptidase_dimerisation_domain",-0.172992574167893
"k141_52753_2_DoxX_family",0.654682444392876
"k141_52753_3_Component_of_the_proteasome_core__a_l",0.557594187464464
"k141_52753_4_PUA_domain",-0.510457451525864
"k141_52753_5_homoserine_dehydrogenase",-0.438813326552437
"k141_52753_6_Belongs_to_the_MsrB_Met_sulfoxide_red",-0.029234485299852
"k141_528251_1_Putative_zinc-_or_iron-chelating_dom",-0.87837772733141
"k141_530243_1_-",-1.70248328475615
"k141_530243_2_Tetratricopeptide_TPR_2_repeat_prote",1.02549893740008
"k141_530243_3_-",0.304034236243635
"k141_54398_1_Short-chain_dehydrogenase_reductase_S",-0.793975358447837
"k141_54398_10_Predicted_membrane_protein__DUF2070_",-0.550007035430386
"k141_54398_11_Sec61beta_family",-0.00791401460298571
"k141_54398_12_Stabilizes_TBP_binding_to_an_archaea",-0.254152230857585
"k141_54398_13_Binds_double-stranded_DNA_tightly_bu",-0.366779858700078
"k141_54398_14_Histone_acetyltransferase",-0.765790906258414
"k141_54398_15_Belongs_to_the_class-I_aminoacyl-tRN",-0.358992824575109
"k141_54398_16_-",-1.29030501906795
"k141_54398_18_Pyridoxamine_5'-phosphate_oxidase",-0.191039955125093
"k141_54398_2_Protein_of_unknown_function_DUF99",-0.617740106685222
"k141_54398_20_-",-0.546306463168171
"k141_54398_4_4_iron__4_sulfur_cluster_binding",0.376764478810399
"k141_54398_5_geranylgeranyl_reductase",-0.543140284699821
"k141_54398_6_-",-0.000651717548158929
"k141_54398_7_Protein_of_unknown_function__DUF1698_",-1.37430851595247
"k141_54398_9_-",-0.794479115753233
"k141_54597_1_Ribose-phosphate_pyrophosphokinase",-0.604858927733117
"k141_559353_10_Peptidase_family_M3",-0.93388532034185
"k141_559353_12_-",-0.66764399384527
"k141_559353_2_Belongs_to_the_PdaD_family",-0.218564200284437
"k141_559353_3_-",-0.482793478831515
"k141_559503_1_-",0.678944492225839
"k141_559503_2_Cytochrome_oxidase_assembly_protein",0.0192497326487242
"k141_561311_1_acid_phosphatase_activity",0.670365693977207
"k141_561311_2_PFAM_Aldehyde_dehydrogenase",0.152663585143835
"k141_561605_1_Glycosyl_transferase_family_group_2",-0.400101183590739
"k141_561605_2_Required_for_chromosome_condensation",-0.358268297695184
"k141_561605_4_Sodium_hydrogen_exchanger",-0.161859171792301
"k141_561605_5_-",-0.41135734770953
"k141_561605_6_major_facilitator_superfamily",-0.863592364840236
"k141_561605_7_ubiE_COQ5_methyltransferase_family",-1.14191238323426
"k141_561605_8_Proteasome_endopeptidase_complex",0.124313469228922
"k141_561605_9_Belongs_to_the_Glu_Leu_Phe_Val_dehyd",0.027167700514844
"k141_561989_1_Part_of_the_phosphoribosylformylglyc",0.856663234196443
"k141_561989_2_Part_of_the_phosphoribosylformylglyc",-0.310186634134947
"k141_562139_3_PFAM_blue__type_1__copper_domain_pro",0.928500314495429
"k141_562837_1_Broad-specificity_nucleoside_monopho",1.18316438192993
"k141_562837_2_GTPase_of_unknown_function_C-termina",1.30466407025481
"k141_563913_1_TIGRFAM_excinuclease_ABC__C_subunit",-0.169671239469096
"k141_563913_10_-",0.101981867832364
"k141_563913_11_-",0.720737917916669
"k141_563913_12_Winged_helix-turn-helix",0.542446800790254
"k141_563913_13_Sua5_YciO_YrdC_YwlC_family",-0.569120165584897
"k141_563913_14_THUMP_domain",-0.700115378483383
"k141_563913_15_Kinase_binding_protein_CGI-121",0.327936169755121
"k141_563913_16_ribosomal_protein",-0.150503901245132
"k141_563913_17_TatD_related_DNase",0.175688474527169
"k141_563913_18_transcription_factor__CBF_NF-Y_",-1.10139802454528
"k141_563913_19_Phosphoglycerate_kinase",-0.224264446423057
"k141_563913_2_The_UvrABC_repair_system_catalyzes_t",-0.725403374904959
"k141_563913_20_Acid_phosphatase_homologues",-0.128485296374685
"k141_563913_21_-",1.31503010012153
"k141_563913_22_-",-0.17469779165513
"k141_563913_23_COG1112_Superfamily_I_DNA_and_RNA_h",0.51945851696153
"k141_563913_25_PFAM_SNARE_associated_Golgi_protein",0.216946993358143
"k141_563913_26_copper_ion_binding",-0.552768756659807
"k141_563913_27_-",-3.12622216632594
"k141_563913_28_Delta-aminolevulinic_acid_dehydrata",0.380012694129851
"k141_563913_29_Catalyzes_the_NADPH-dependent_reduc",-0.69325580255037
"k141_563913_3_damaged_site__the_DNA_wraps_around_o",0.525980140301591
"k141_563913_30_Siroheme_synthase",0.155116866363276
"k141_563913_31_phosphoglycerate_mutase",-0.130102123579203
"k141_563913_32_Domain_of_unknown_function__DUF309_",1.37836536582736
"k141_563913_33_Belongs_to_the_eukaryotic_ribosomal",0.373204586960045
"k141_563913_34_Belongs_to_the_eukaryotic_ribosomal",0.351898088291108
"k141_563913_35_-",0.476526768353721
"k141_563913_36_Pyridine_nucleotide-disulphide_oxid",0.625282795868799
"k141_563913_37_-",-0.995299126937751
"k141_563913_38_Involved_in_the_biosynthesis_of_the",0.152687209195224
"k141_563913_39_-",-0.0758858976826756
"k141_563913_40_-",-0.0410631455017713
"k141_563913_41_Lrp_AsnC_ligand_binding_domain",-0.538304178484065
"k141_563913_8_-",-0.0325191420381141
"k141_564090_1_COG0122_3-methyladenine_DNA_glycosyl",-1.37517946953979
"k141_564090_10_PFAM_TCP-1_cpn60_chaperonin_family",0.0853989389722587
"k141_564090_11_Catalyzes_the_reversible_interconve",0.0434331622868635
"k141_564090_12_Possesses_two_activities_a_DNA_synt",-0.650492646395334
"k141_564090_4_Belongs_to_the_short-chain_dehydroge",0.106676168262229
"k141_564090_5_zinc_finger",-0.144521731879259
"k141_564090_6_-",-0.891637853818376
"k141_564090_7_protein_conserved_in_archaea",-0.291828756486902
"k141_564090_8_TIGRFAM_glutamine_synthetase__type_I",0.256579291233617
"k141_564090_9_-",-0.392867647826253
"k141_567729_1_Participates_in_transcription_termin",-0.752731361773196
"k141_567729_10_-",0.912106788155209
"k141_567729_11_Glyoxalase_Bleomycin_resistance_pro",-0.108555079289276
"k141_567729_2_With_S4_and_S5_plays_an_important_ro",0.505580706342663
"k141_567729_3_One_of_the_primary_rRNA_binding_prot",-0.409323121877017
"k141_567729_4_-",-0.630231872294039
"k141_567729_5_Putative_zinc-_or_iron-chelating_dom",0.277208838356187
"k141_567729_7_Is_involved_in_the_reduction_of_2_3-",-0.420926787262113
"k141_567729_8_COG1525_Micrococcal_nuclease__thermo",-1.05363607145802
"k141_568690_1_TIGRFAM_lysine_2_3-aminomutase_YodO_",0.292173837195014
"k141_570588_1_-",-0.22764744390632
"k141_570588_3_-",-0.186626627933255
"k141_571850_3_Phosphoadenosine_phosphosulfate_redu",-1.05033595315379
"k141_572136_1_Function_in_general_translation_init",-1.20734908709595
"k141_572136_2_Pyridoxamine_5'-phosphate_oxidase",0.213122649730734
"k141_572136_8_8-oxoguanine_DNA_glycosylase",-1.14118106365889
"k141_572136_9_exonuclease_of_the_beta-lactamase_fo",-0.456862861705718
"k141_574872_10_-",0.131798527043489
"k141_574872_11_Alba",-0.358488067935854
"k141_574872_12_-",0.937544602749109
"k141_574872_13_PAC2_family",1.05439842045339
"k141_574872_2_DSBA_oxidoreductase",0.288141492903525
"k141_574872_3_-",0.561077893087353
"k141_574872_4_Periplasmic_binding_protein",-0.627885876033782
"k141_574872_5_Archaeal_Nre__N-terminal",0.190601366184524
"k141_574872_6_Metallo-beta-lactamase_superfamily",0.325677390040486
"k141_574872_7_-",0.18459074050227
"k141_574872_8_-",0.0463051585868454
"k141_574872_9_Poorly_processive__error-prone_DNA_p",-1.11375099993766
"k141_57639_1_von_Willebrand_factor__type_A",-0.73358192362007
"k141_577944_10_ATP_corrinoid_adenosyltransferase",0.181401175086682
"k141_577944_11_Catalyzes_the_ATP-dependent_amidati",0.354794045898518
"k141_577944_12_Precorrin-8X_methylmutase",-0.407969495148709
"k141_577944_13_Cobalt_chelatase__CbiK_",0.416280756892147
"k141_577944_14_Cobalamin_synthesis_G_C-terminus",0.353716578362339
"k141_577944_15_Catalyzes_the_methylation_of_C-1_in",-0.0773808987487885
"k141_577944_17_S-adenosylmethionine_synthetase",0.0782058487569364
"k141_577944_18_snRNP_Sm_proteins",0.309395762994606
"k141_577944_19_RecA_RadA",1.70219220457578
"k141_577944_2_-",-1.28217881667023
"k141_577944_21_DEAD_H_associated",-0.701165519021603
"k141_577944_3_Belongs_to_the_eukaryotic_ribosomal_",0.219393604917814
"k141_577944_4_Initiation_factor",-0.658106302819973
"k141_577944_5_Nucleotide_binding_protein__PINc",-0.261201418903155
"k141_577944_6_Phosphatidylethanolamine-binding_pro",0.0100071613289137
"k141_577944_7_Oligosaccharyl_transferase_STT3_subu",0.0110826087233265
"k141_577944_8_more_specifically_in_18S_rRNA_pseudo",-0.461952673420448
"k141_577944_9_Translation_initiation_factor_2__alp",0.266348111044002
"k141_580430_1_serine-type_endopeptidase_activity",0.462535949133127
"k141_580899_2_Ser_thr_protein_kinase",-0.264405597481723
"k141_581477_1_Catalyzes_the_attachment_of_proline_",-0.884851809980133
"k141_581477_2_-",-0.00333636139305297
"k141_581477_3_phosphoserine_phosphatase",0.177104746241307
"k141_581477_4_F420-0_Gamma-glutamyl_ligase",1.58724561768554
"k141_581477_5_Structure-specific_nuclease_with_5'-",0.384434260204472
"k141_582141_1_imidazoleglycerol-phosphate_dehydrat",-0.140519698977359
"k141_582141_2_IGPS_catalyzes_the_conversion_of_PRF",-1.50943794758282
"k141_582141_3_1-_5-phosphoribosyl_-5-__5-phosphori",-0.975187470584249
"k141_582141_4_IGPS_catalyzes_the_conversion_of_PRF",-1.02611208120237
"k141_582141_5_Catalyzes_the_hydrolysis_of_the_aden",-0.0471019032771081
"k141_582458_4_-",-1.64529670048467
"k141_592960_1_Belongs_to_the_UDP-glucose_GDP-manno",0.106212450182145
"k141_593900_2_cation_diffusion_facilitator_family_",0.0800853943656285
"k141_595283_1_F420-0_Gamma-glutamyl_ligase",-5.96835422766403
"k141_595283_2_phosphoserine_phosphatase",-0.261504781278863
"k141_598080_1_-",-0.80872614165209
"k141_598080_2_PFAM_Alcohol_dehydrogenase",0.777933973041608
"k141_598838_1_COG1522_Transcriptional_regulators",-0.650315200978339
"k141_600149_1_aconitate_hydratase",0.528757533213838
"k141_600352_1_Putative_zinc-_or_iron-chelating_dom",-0.859377544961388
"k141_600352_5_-",0.802829838990774
"k141_600352_6_-",0.588892670491517
"k141_600995_1_TIGRFAM_glutamine_synthetase__type_I",0.704893182559333
"k141_600995_2_TIGRFAM_lysine_2_3-aminomutase_YodO_",0.469116914062868
"k141_605054_1_Belongs_to_the_UDP-glucose_GDP-manno",-0.887595140370808
"k141_605277_1_HIT_domain",1.23657129506919
"k141_605277_13_Isocitrate_isopropylmalate_dehydrog",-0.66248320727193
"k141_605277_14_Belongs_to_the_alpha-IPM_synthase_h",-0.912407965472277
"k141_605277_15_acetolactate_synthase__small",-0.948713699873361
"k141_605277_16_TIGRFAM_acetolactate_synthase__larg",0.185087057815195
"k141_605277_17_SnoaL-like_domain",-0.286235059881471
"k141_605277_18_DeoC_LacD_family_aldolase",-0.0278719337411146
"k141_605277_19_Glucose_dehydrogenase_C-terminus",0.0126949589481249
"k141_605277_2_Directs_the_termination_of_nascent_p",-0.0481960456914251
"k141_605277_20_ATP_synthase__F_14-kDa__subunit",0.596018447824303
"k141_605277_23_-",1.64485544485824
"k141_605277_25_-",-0.431752036657358
"k141_605277_26_-",-3.0397829150542
"k141_605277_27_Calcineurin-like_phosphoesterase",-0.48080214366117
"k141_605277_28_MGS-like_domain",0.182089109168136
"k141_605277_29_carbamoyl-phosphate_synthase__small",-0.184214822014618
"k141_605277_3_DSBA-like_thioredoxin_domain",-0.598703372637068
"k141_605277_30_HMGL-like",-0.364486529581264
"k141_605277_31_helix_turn_helix_ASNC_type",-0.659622728664289
"k141_605277_32_Belongs_to_the_class-III_pyridoxal-",0.621069155885958
"k141_605277_33_Involved_in_both_the_arginine_and_l",-0.432062632745658
"k141_605277_34_Belongs_to_the_NAGSA_dehydrogenase_",0.590712851618152
"k141_605277_35_Lysine_biosynthesis",-0.118565583726788
"k141_605277_36_lysine_biosynthesis_protein_LysW",0.811606391916306
"k141_605277_37_Belongs_to_the_argininosuccinate_sy",0.50114145784868
"k141_605277_38_TIGRFAM_ABC_transporter__substrate-",-0.374291389572337
"k141_605277_39_ABC-type_nitrate_sulfonate_bicarbon",-0.667861608082447
"k141_605277_4_Domain_of_unknown_function__DUF4443_",-0.462121243978599
"k141_605277_40_ABC-type_nitrate_sulfonate_bicarbon",-0.108143163478612
"k141_605277_41_Catalyzes_two_subsequent_steps_in_g",0.287358545587682
"k141_605277_42_-",-0.155177336472098
"k141_605277_43_DNA_ligase_that_seals_nicks_in_doub",0.126015834324776
"k141_605277_44_Protein_of_unknown_function_DUF47",0.621623381841997
"k141_605277_45_tRNA_intron_endonuclease__N-termina",-0.345720476318822
"k141_605277_46_-",0.231440481627016
"k141_605277_47_-",0.999934632310113
"k141_605277_48_Enoyl-_Acyl_carrier_protein__reduct",0.253665912487173
"k141_605277_5_Probable_cobalt_transporter_subunit_",-0.968471399394421
"k141_605277_6_Probable_cobalt_transporter_subunit_",-0.917401342176741
"k141_605277_8_LOR_SDH_bifunctional",-0.406467982173851
"k141_611483_1_ATP_phosphoribosyltransferase",0.553579634687484
"k141_611483_2_Belongs_to_the_HMG-CoA_reductase_fam",-0.817234730860266
"k141_6143_10_Ribose-phosphate_pyrophosphokinase",1.34855763467181
"k141_6143_2_Ser_thr_protein_kinase",-3.26357213963009
"k141_6143_4_Catalyzes_the_addition_and_repair_of_t",-1.04910045617045
"k141_6143_5_Hydrolyzes_RNA_2'_3'-cyclic_phosphodie",0.133428038799214
"k141_6143_6_AAA_domain",0.240308600948158
"k141_6143_7_Belongs_to_the_UPF0201_family",-1.00505085308409
"k141_6143_9_Zinc_phosphodiesterase__which_displays",-0.938223926537254
"k141_615293_1_DNA_polymerase",0.260382997914839
"k141_617051_1_Metal_dependent_phosphohydrolases_wi",0.509469567007499
"k141_617051_10_COG0494_NTP_pyrophosphohydrolases_i",0.0360893112371014
"k141_617051_11_Phosphate_uptake_regulator",-0.117129673407741
"k141_617051_12_kinase__sugar_kinase_superfamily",0.660128881291927
"k141_617051_13_Pfam_DUF137",0.395467145113879
"k141_617051_14_Catalyzes_the_reversible_reaction_i",1.63040240260564
"k141_617051_15_Catalyzes_two_steps_in_the_biosynth",0.545826493725959
"k141_617051_16_Nodulation_protein_S__NodS_",-0.727401035206298
"k141_617051_2_thymidylate_kinase",0.129779250125189
"k141_617051_3_Belongs_to_the_small_heat_shock_prot",0.330302715895673
"k141_617051_4_ABC1_family",-1.10826348938206
"k141_617051_5_-",-0.616994817130611
"k141_617051_6_extracellular_matrix_structural_cons",-0.746600279645167
"k141_617051_7_ABC-type_antimicrobial_peptide_trans",-0.0946233182489381
"k141_617051_8_FtsX-like_permease_family",0.0662058903308255
"k141_617051_9_AsnC-type_helix-turn-helix_domain",-0.0506898191556319
"k141_618118_1_-",0.476236435217026
"k141_618118_10_Pyridoxamine_5'-phosphate",0.385667201464214
"k141_618118_11_DegT_DnrJ_EryC1_StrS_aminotransfera",-0.00352537398324938
"k141_618118_12_Protein_of_unknown_function__DUF389",-0.121794662678085
"k141_618118_13_UbiD_family_decarboxylase",-1.50000114603708
"k141_618118_14_-",-1.31244316690624
"k141_618118_15_-",-1.09361273611187
"k141_618118_17_-",0.0814217567399796
"k141_618118_18_H_subunit",-0.0510708674752691
"k141_618118_19_Contacts_the_emerging_nascent_chain",-0.00994142595615337
"k141_618118_2_Cytochrome_oxidase_assembly_protein",-0.0661697914452303
"k141_618118_20_Patch-forming_domain_C2_of_tRNA-gua",2.81422782575715
"k141_618118_21_Phosphate_uptake_regulator",-0.782661381059897
"k141_618118_22_GTPase_that_associates_with_the_50S",-0.443193221772356
"k141_618118_23_Specifically_catalyzes_the_AdoMet-d",1.21775624323291
"k141_618118_26_antibiotic_catabolic_process",0.239721077508757
"k141_618118_3_Blue_copper_protein",0.0174287686839807
"k141_618118_4_Heme_copper-type_cytochrome_quinol",-0.120792730312615
"k141_618118_5_Heme_copper-type_cytochrome_quinol_o",0.0513842435105538
"k141_618118_6_-",0.69649689012374
"k141_618118_7_Phosphoglycerate_mutase_family",0.521853212362835
"k141_618118_8_PFAM_NADP_oxidoreductase_coenzyme_F4",-0.312812128616662
"k141_618118_9_-",-0.73480926795322
"k141_618881_1_PFAM_Glycosyl_transferase_family_2",-1.42600335684236
"k141_618881_3_Trypsin-like_serine_protease_with_C-",-0.262520694609107
"k141_618881_7_Aldo_keto_reductase_family",0.851354476997761
"k141_619316_2_FAD_linked",-0.515664737635684
"k141_620877_1_ATP-dependent_agmatine_transferase_t",-0.636780837154277
"k141_637692_5_Cob_II_yrinic_acid_a_c-diamide_reduc",-0.871236636108778
"k141_639860_2_COG1651_Protein-disulfide_isomerase",2.27025875105347
"k141_641927_2_Ribosome_biogenesis_protein__C-termi",0.229087214785197
"k141_641927_4_-",0.235305190325486
"k141_641927_5_Uncharacterised_protein_family_UPF00",-0.361804861759133
"k141_641927_6_Guanylyl_transferase_CofC_like",-1.01628335359367
"k141_643170_2_Toprim_domain",-0.0255925094342697
"k141_643170_3_glutamine_amidotransferase",-0.260712206222857
"k141_643173_1_glutamine_amidotransferase",-1.58774801067001
"k141_643173_2_Toprim_domain",-1.24183928270716
"k141_643744_1_Phenylalanyl-tRNA_synthetase_alpha_s",1.2213334977102
"k141_643744_2_phenylalanyl-tRNA_synthetase__beta_s",0.248466995454232
"k141_643744_3_EVE_domain",-0.852952169381481
"k141_643744_4_aconitate_hydratase",1.00002484545699
"k141_644143_1_COG1361_S-layer_domain",0.600929171460938
"k141_644143_2_-",-0.0643753808142505
"k141_644143_4_-",0.325454866711784
"k141_644307_1_COG1651_Protein-disulfide_isomerase",0.20555665323996
"k141_661413_1_Succinyl-CoA_ligase_like_flavodoxin_",0.103516394386351
"k141_66379_3_Involved_in_the_third_step_of_the_cho",-1.27012414058687
"k141_671578_2_-",-3.0447051819188
"k141_67355_1_Phosphoadenosine_phosphosulfate_reduc",-0.748391182079637
"k141_680001_2_-",-1.48055255599304
"k141_680001_3_Catalyzes_the_complex_heterocyclic_r",-1.29030699187268
"k141_683146_2_Catalyzes_the_attachment_of_glutamat",-0.530183211769163
"k141_685372_1_Calcineurin-like_phosphoesterase_sup",2.55254548084247
"k141_686306_1_Putative_cyclase",1.76878043197784
"k141_687896_2_RNase_L_inhibitor__RLI",-0.0316128728897713
"k141_69332_1_Belongs_to_the_class-II_aminoacyl-tRN",0.600331869027011
"k141_694175_1_Catalyzes_the_transfer_of_the_phosph",0.806241520929386
"k141_694175_2_Indole-3-glycerol_phosphate_synthase",1.88995869329167
"k141_694175_3_The_beta_subunit_is_responsible_for_",0.198693979144139
"k141_694175_4_The_alpha_subunit_is_responsible_for",0.449298961902749
"k141_694175_5_Catalyzes_the_ATP-dependent_aminatio",-1.0484881216635
"k141_694175_6_Involved_in_the_regulation_of_the_in",-0.277644528181311
"k141_694175_7_pfkB_family_carbohydrate_kinase",0.726981071586046
"k141_696673_1_Belongs_to_the_P_II__protein_family",-0.802616960050529
"k141_696673_2_CBS_domain",-1.13800700066509
"k141_696673_3_small_metal-binding_protein",0.630590638884068
"k141_69737_1_Nucleotidyl_transferase",1.09308895271386
"k141_69737_2_SNARE_associated_Golgi_protein",0.662655879364849
"k141_701995_2_-",-1.16187067048035
"k141_701995_3_Stabilizes_TBP_binding_to_an_archaea",-0.44963021110733
"k141_7081_1_Involved_in_the_biosynthesis_of_branch",0.0457913174913227
"k141_715026_1_Amidohydrolase_family",0.592480345868722
"k141_721778_45_Important_for_reducing_fluoride_con",0.179119966353972
"k141_730309_1_Putative_zinc-_or_iron-chelating_dom",1.49555262205816
"k141_7386_1_-",1.61202011928997
"k141_743946_1_Required_for_maturation_of_urease_vi",-0.0668540387741597
"k141_743946_2_COG1522_Transcriptional_regulators",0.855688149694477
"k141_743946_3_ParB-like_nuclease_domain",0.162367110190811
"k141_745077_1_-",-0.804676417300391
"k141_745225_1_PFAM_Rieske_2Fe-2S_domain",1.23486105040495
"k141_745225_2_Cytochrome_b_subunit_of_the_bc_compl",1.86326278782538
"k141_746473_1_AAA_domain",-2.16773453476141
"k141_746473_2_Belongs_to_the_UPF0201_family",0.2896326467726
"k141_746473_4_Zinc_phosphodiesterase__which_displa",0.477064942806768
"k141_746473_5_Ribose-phosphate_pyrophosphokinase",-0.248906263944973
"k141_746473_6_Mechanosensitive_ion_channel",0.0690059433339822
"k141_746473_7_TIGRFAM_lysine_2_3-aminomutase_YodO_",0.047757507713498
"k141_750019_1_-",0.132766556057785
"k141_750121_1_Asparagine_synthase",-0.757005396902782
"k141_750124_1_Asparagine_synthase",0.502394884311227
"k141_751161_1_Redoxin",0.0627183092421532
"k141_751161_10_plastoquinone__complex_I_",0.159006081756619
"k141_751161_11_TIGRFAM_proton-translocating_NADH-q",0.172764204745139
"k141_751161_12_NADH_ubiquinone_oxidoreductase_subu",-0.0171292799491814
"k141_751161_13_Belongs_to_the_FPP_GGPP_synthase_fa",-0.832258551473303
"k141_751161_14_Iron-containing_redox_enzyme",0.612671118232774
"k141_751161_2_PFAM_NADH-ubiquinone_plastoquinone_o",-0.213809723762972
"k141_751161_3_Belongs_to_the_complex_I_20_kDa_subu",-0.0689398239346371
"k141_751161_4_NADH_ubiquinone_oxidoreductase_27_kD",0.790233188641681
"k141_751161_5_Belongs_to_the_complex_I_49_kDa_subu",-0.00118820201351273
"k141_751161_6_NADH_dehydrogenase",0.0690984441770554
"k141_751161_7_4Fe-4S_binding_domain",-1.11597598907324
"k141_751161_8_PFAM_NADH-ubiquinone_plastoquinone_o",-0.174347471774768
"k141_751161_9_NADH_ubiquinone_oxidoreductase_subun",0.208322945928989
"k141_754624_1_cation_diffusion_facilitator_family_",0.744275174501125
"k141_756097_1_Sodium_hydrogen_exchanger",0.83672323357771
"k141_756097_2_Catalyzes_the_attachment_of_L-aspart",-0.111142708204034
"k141_756097_4_Sodium_hydrogen_exchanger",-0.0841907506511701
"k141_756723_2_-",-0.221275075533953
"k141_756723_3_Uncharacterized_ACR__COG1430",-0.798987536671251
"k141_756723_5_membrane_transporter_protein",0.662769351075927
"k141_758459_2_-",0.509236883765541
"k141_758470_2_-",-0.408081442807465
"k141_758470_3_AAA_ATPase_domain",0.705523931309483
"k141_761415_1_Protein_of_unknown_function__DUF354_",-1.1504594060493
"k141_762476_1_zinc_finger",1.17619475715671
"k141_763824_1_-",0.472237750600434
"k141_763824_2_PFAM_ParB_domain_protein_nuclease",0.431625692424646
"k141_764141_1_ROK_family",-1.89094981478375
"k141_768272_1_cation_diffusion_facilitator_family_",-0.301973027302683
"k141_769530_1_This_protein_promotes_the_GTP-depend",2.18723158715347
"k141_769530_2_Involved_in_the_binding_of_tRNA_to_t",1.53119156207534
"k141_769530_3_DNA-dependent_RNA_polymerase_catalyz",-0.0223707910110171
"k141_772609_1_Belongs_to_the_class-IV_pyridoxal-ph",1.36760532723023
"k141_772609_2_-",-0.853389156951142
"k141_772609_3_Methyltransferase_type_11",-0.0586975829585263
"k141_772609_4_PFAM_Aldehyde_dehydrogenase",-0.590115596614312
"k141_774221_1_DEAD_DEAH_box_helicase",0.540565555016833
"k141_774221_2_Lrp_AsnC_ligand_binding_domain",-1.50127090125329
"k141_774221_3_-",1.98158316547197
"k141_774221_4_Cold_shock_protein_domain",-0.105056176766694
"k141_774221_7_-",-1.13547021780041
"k141_775192_3_PFAM_Copper_binding_proteins__plasto",-0.075672812279111
"k141_77644_1_Stabilizes_TBP_binding_to_an_archaeal",-0.465561777893158
"k141_77644_2_conserved_protein_implicated_in_secre",-0.137439679733627
"k141_77644_4_Winged_helix-turn-helix",0.0594767718283588
"k141_77644_5_membrane-associated_protein_domain",-0.500680980860993
"k141_77644_8_-",1.45371340065949
"k141_77644_9_Catalyzes_the_complex_heterocyclic_ra",-1.29030699187268
"k141_778025_1_Belongs_to_the_UPF0284_family",-0.608457152946284
"k141_778151_2_PFAM_Rieske_2Fe-2S_domain",-0.101070875853122
"k141_778151_3_Cytochrome_b_subunit_of_the_bc_compl",3.52110098360131
"k141_782136_1_pfkB_family_carbohydrate_kinase",0.256605537613186
"k141_782136_10_-",0.449237304526859
"k141_782136_11_-",0.101897047351991
"k141_782136_12_NADPH-dependent_FMN_reductase",-0.262841647171578
"k141_782136_2_-",0.354855522952864
"k141_782136_3_-",0.57559003065566
"k141_782136_4_-",-0.376760408959369
"k141_782136_7_IMP_dehydrogenase_activity",-0.11466141937432
"k141_782136_9_peptidyl-prolyl_cis-trans_isomerase",0.0792923805676465
"k141_782520_2_-",-1.29030297187336
"k141_783363_1_-",-0.0970556146790321
"k141_783363_2_PFAM_Alcohol_dehydrogenase",-0.0848137783205187
"k141_787459_1_Stabilizes_TBP_binding_to_an_archaea",-0.744864262486626
"k141_788336_1_Belongs_to_the_HAM1_NTPase_family",-0.483800657815065
"k141_788336_2_Component_of_the_wyosine_derivatives",-0.0981476346047837
"k141_788336_5_Dihydrouridine_synthase__Dus_",-0.742396132357555
"k141_788336_6_Mg2_transporter_protein",0.0728525162493441
"k141_789872_10_TIGRFAM_succinate_dehydrogenase_and",-0.538919859470985
"k141_789872_11_Iron-sulfur_cluster_assembly_protei",0.498252766332149
"k141_789872_12_argininosuccinate_lyase",-0.774818908767141
"k141_789872_2_PFAM_Copper_binding_proteins__plasto",0.694847219535513
"k141_789872_3_-",0.0256400846753759
"k141_789872_4_Binds_double-stranded_DNA_tightly_bu",0.70035458527384
"k141_789872_5_Phosphoenolpyruvate_phosphomutase",-0.297830473589604
"k141_789872_6_-",1.31222358269301
"k141_789872_7_fumarate_reductase_flavoprotein",-0.169938270099754
"k141_789872_8_Succinate_dehydrogenase_Fumarate_red",-0.251732454066971
"k141_789872_9_Succinate_dehydrogenase_Fumarate_red",1.92755724116958
"k141_796448_10_-",0.13675101766422
"k141_796448_11_-",-0.145539595337376
"k141_796448_12_RNase_H",1.4022619611448
"k141_796448_13_Succinyl-CoA_ligase_like_flavodoxin",0.404001121576675
"k141_796448_2_Thioredoxin",0.260627411894352
"k141_796448_3_Archease_protein_family__MTH1598_TM1",-0.389025860991757
"k141_796448_4_CBS_domain",-0.478210434089485
"k141_796448_5_-",-0.151228102923617
"k141_796448_6_-",-0.318324855515894
"k141_796448_7_Radical_SAM",-0.185100885132526
"k141_796891_2_Pyridoxal-phosphate_dependent_enzyme",-0.626209996312882
"k141_799461_1_Thiolase__N-terminal_domain",-1.08931896165461
"k141_799461_2_Luciferase-like_monooxygenase",-0.544683906816772
"k141_799461_4_Nucleotidyl_transferase",0.239431850434092
"k141_80314_1_Participates_actively_in_the_response",0.62948837674676
"k141_81186_1_Belongs_to_the_UPF0284_family",0.0623084892694156
"k141_81186_2_Metallo-beta-lactamase_superfamily",0.510208922618283
"k141_81186_3_Catalyzes_the_epimerization_of_the_S-",-0.957216343053301
"k141_811988_2_Guanylyl_transferase_CofC_like",-1.41949385014751
"k141_812962_1_Catalyzes_the_attachment_of_alanine_",0.764005194978695
"k141_812962_2_COG0589_Universal_stress_protein_Usp",-0.205777414688883
"k141_812962_4_-",0.00787620546419129
"k141_812962_6_-",0.257166107563259
"k141_813517_1_Cytidylyltransferase-like",1.41182356511927
"k141_817967_7_NAD_P_H-binding",-0.21634600798657
"k141_817967_9_PFAM_CutA1_divalent_ion_tolerance_pr",0.274106927354141
"k141_819821_1_UbiA_prenyltransferase",0.423042976946906
"k141_819821_2_Aldo_keto_reductase_family",1.08911816629079
"k141_844674_1_cation_diffusion_facilitator_family_",1.08197939093326
"k141_844674_2_divalent_heavy-metal_cations_transpo",0.043504619036825
"k141_844674_3_PFAM_Multicopper_oxidase",-0.0701122935838928
"k141_85120_2_-",0.696277546418316
"k141_85120_3_-",2.42178070638029
"k141_85120_4_Catalyzes_the_conversion_of_cyclic_de",-0.00175882701225756
"k141_85120_5_SNF2_family_N-terminal_domain",0.304839507885803
"k141_858664_2_Nitroreductase_436308_Nmar_1696",-1.29030699187268
"k141_86431_1_Possesses_two_activities_a_DNA_synthe",-0.798104657102808
"k141_86431_2_Prenyltransferase_that_catalyzes_the_",-0.833909529378704
"k141_86431_3_-",-2.78299068823707
"k141_86431_4_-",0.0249949512057937
"k141_86431_5_AbrB_family",0.229774567891461
"k141_866165_1_biotin-_Acetyl-CoA-carboxylase__liga",-0.790330681704943
"k141_867219_1_PFAM_Alcohol_dehydrogenase",0.30408668748475
"k141_867219_2_-",-0.190036653714404
"k141_867219_3_-",0.892587441522748
"k141_867219_5_-",0.0515243772197731
"k141_867219_6_-",0.853202590262183
"k141_867219_7_-",0.727963541363236
"k141_867219_8_tRNA_pseudouridine_synthase",0.249218533092653
"k141_871894_4_MjaI_restriction_endonuclease",-0.737777801553373
"k141_87374_1_Methyltransferase_small_domain",-0.835320183396911
"k141_87374_2_Isocitrate_isopropylmalate_dehydrogen",-1.12713733986214
"k141_882929_1_-",0.0718107589418949
"k141_901162_1_Belongs_to_the_enoyl-CoA_hydratase_i",0.0496153949131827
"k141_901162_2_Iron-sulfur_cluster_assembly_accesso",0.323700770379652
"k141_901162_3_DNA_primase",-0.269504956336791
"k141_901162_4_Domain_of_unknown_function_DUF120",-0.928182753688137
"k141_901162_5_Cytidylyltransferase-like",-0.108539789139418
"k141_901162_6_diphthine_synthase",-0.653170242762974
"k141_901162_7_Catalyzes_the_release_of_L-lysine_fr",-0.0777859607081813
"k141_901162_8_Lysine_biosynthesis",-0.340359584514967
"k141_901162_9_lysine_biosynthesis_protein_LysW",-1.27305320137931
"k141_903063_1_-",-0.205072481430481
"k141_90445_1_Orotidine_5'-phosphate_decarboxylase_",-0.288966241166051
"k141_90445_2_NUDIX_domain",-0.942833280105549
"k141_90445_3_Catalyzes_the_sequential_condensation",-0.156381569225796
"k141_90445_4_Domain_of_unknown_function__DUF373_",-0.0952746249700165
"k141_90445_5_-",-0.209875735361651
"k141_915625_2_Putative_tRNA_binding_domain",-0.0845454990317022
"k141_915625_4_PFAM_Polyketide_cyclase_dehydrase_an",0.132854159849764
"k141_915625_5_PFAM_Glycosyl_transferase_family_2",-0.859784179533667
"k141_92169_1_NHL_repeat_containing_protein",0.320600302672335
"k141_92169_2_PFAM_ABC-2_type_transporter",-0.177630722592107
"k141_92169_3_ABC_transporter",-0.37108988381572
"k141_92169_4_-",0.803671417048399
"k141_92169_5_Pfam_DUF385",1.26069281527444
"k141_92169_6_-",0.494416700509953
"k141_92169_7_-",-0.569337847775773
"k141_9248_1_HD_domain",-0.241547324770936
"k141_9248_2_-",-0.203425245204502
"k141_9248_3_-",-0.749067484365288
"k141_9248_4_-",-0.137478508344837
"k141_927685_1_-",0.118919298335494
"k141_929080_1_Calcineurin-like_phosphoesterase_sup",-0.932440805053521
"k141_929080_2_Isocitrate_isopropylmalate_dehydroge",0.133739530410999
"k141_929196_1_Belongs_to_the_class-IV_pyridoxal-ph",0.489458084801344
"k141_929972_1_DNA-binding_transcription_factor_act",0.542238458739718
"k141_929972_10_Catalyzes_the_ATP-dependent_amidati",-0.159405789737393
"k141_929972_11_PFAM_tRNA_synthetases_class_I__C__c",-0.838308086186462
"k141_929972_12_-",-0.24824908308721
"k141_929972_13_GTPase_of_unknown_function_C-termin",-0.642280938031651
"k141_929972_14_-",-3.07195407659692
"k141_929972_17_AAA_domain__putative_AbiEii_toxin__",-0.851225812379514
"k141_929972_18_ABC-2_type_transporter",0.0407092517287706
"k141_929972_19_-",-0.638563776654111
"k141_929972_2_Cytidylyltransferase-like",0.715080130818121
"k141_929972_20_Polyketide_cyclase___dehydrase_and_",0.133839246644393
"k141_929972_22_metal-dependent_protease_of_the_PAD",0.391039832643515
"k141_929972_24_Cobalamin_adenosyltransferase",-1.06918841159269
"k141_929972_25_-",0.573784895030237
"k141_929972_26_-",-1.54866501532806
"k141_929972_27_Lrp_AsnC_ligand_binding_domain",-1.1625362890254
"k141_929972_28_Glyoxalase-like_domain",0.177895035685665
"k141_929972_29_-",0.148499453862074
"k141_929972_3_elongation_factor_Tu",-0.49515994454545
"k141_929972_30_-",0.517693307095813
"k141_929972_32_PFAM_Adenylate_and_Guanylate_cyclas",0.152966138623641
"k141_929972_34_-",-1.06513250791583
"k141_929972_35_Pyridoxal-phosphate_dependent_enzym",0.742119678801727
"k141_929972_4_Protein_of_unknown_function__DUF726_",-0.843459253467983
"k141_929972_5_Is_required_not_only_for_elongation_",-0.251602796734613
"k141_929972_6_S-adenosyl-L-homocysteine_hydrolase_",-0.0996068621137586
"k141_929972_9_Rieske-like__2Fe-2S__domain",0.239254198960635
"k141_930239_1_Cytidylyltransferase-like",0.865361754549844
"k141_931231_13_Part_of_the_ABC_transporter_complex",-0.250029738011887
"k141_931231_14_TIGRFAM_phosphate_ABC_transporter",-0.467415245738458
"k141_931231_15_probably_responsible_for_the_transl",-0.232531456617326
"k141_931231_16_Phosphate_uptake_regulator",-0.206610115832472
"k141_931231_17_TIGRFAM_phosphate_ABC_transporter",-0.0251846610255411
"k141_931231_18_AAA_domain__Cdc48_subfamily_",0.412437103374923
"k141_931231_2_ABC-type_branched-chain_amino_acid_t",-0.530229963278003
"k141_931231_20_conserved_protein_implicated_in_sec",0.538692422713702
"k141_931231_21_Sugar-specific_transcriptional_regu",0.658526863197562
"k141_931231_5_-",0.138459166201135
"k141_931231_6_Functions_by_promoting_the_formation",0.380334818606255
"k141_931231_7_Diphthamide_synthase",-1.03873738400762
"k141_931231_8_Involved_in_targeting_and_insertion_",-0.894535996560076
"k141_931649_4_5'-3'_exoribonuclease_activity",-0.434990479073633
"k141_932501_1_-",0.182227335978164
"k141_934775_1_Hydroxymethylglutaryl-coenzyme_A_syn",-0.121759710994938
"k141_934775_2_DSBA-like_thioredoxin_domain",0.320800402617018
"k141_934775_3_Belongs_to_the_glyceraldehyde-3-phos",-0.714316970107006
"k141_934775_4_Transporter_associated_domain",-0.50661798395599
"k141_936623_12_PFAM_ParB_domain_protein_nuclease",1.25360333939457
"k141_936623_2_Facilitates_the_functional_incorpora",-1.12851665364292
"k141_936623_3_UreF",-1.16964063240265
"k141_936623_4_UreE_urease_accessory_protein__N-ter",0.925150455026824
"k141_936623_5__urease__gamma_subunit",0.439578982711887
"k141_936623_6_Urease_beta_subunit",-0.450443845907874
"k141_936623_7_Urease__alpha_subunit",0.514966271815816
"k141_936623_8_Belongs_to_the_sodium_solute_symport",-0.00236119279697631
"k141_936623_9_-",-0.136803287226146
"k141_937180_1_UbiA_prenyltransferase",0.353538271905759
"k141_937180_2_Uncharacterized_conserved_protein__D",-1.69955832241986
"k141_937180_3_Radical_SAM",-0.0562085990190258
"k141_937917_1_von_Willebrand_factor__type_A",-1.70248840114383
"k141_938451_2_Belongs_to_the_class-I_aminoacyl-tRN",-0.550369053215854
"k141_938534_1_Nicotinamide-nucleotide_adenylyltran",-1.49357194720752
"k141_938534_3_sister_chromatid_segregation",-0.176810323099186
"k141_938716_1_Protein_of_unknown_function__DUF3892",0.235446339372011
"k141_938716_3_serine-type_endopeptidase_activity",0.716580333470069
"k141_940350_2_Serine_threonine_protein_kinase_invo",-0.260325973711173
"k141_940350_3_K_homology_RNA-binding_domain",-1.70247249228526
"k141_941055_10_component_I",0.211172900266002
"k141_941055_11_Glutamine_amidotransferase_of_anthr",0.186061137074913
"k141_941055_12_Catalyzes_the_transfer_of_the_phosp",-0.385038450636898
"k141_941055_2_Belongs_to_the_IlvD_Edd_family",-0.596272563532413
"k141_941375_1_peptidyl-tyrosine_sulfation",-0.312629430156726
"k141_941375_2_peptidyl-tyrosine_sulfation",-0.338826754627494
"k141_942778_2_Succinyl-CoA_ligase_like_flavodoxin_",-0.655718066209543
"k141_943944_2_PFAM_Alcohol_dehydrogenase_GroES-lik",0.246215957512674
"k141_943944_4_chromosome_segregation_and_condensat",0.836181381312792
"k141_944291_1_Sodium_hydrogen_exchanger",-0.565661917792804
"k141_946325_1_Catalyzes_the_complex_heterocyclic_r",-0.686193231187366
"k141_946325_10_-",-0.514512404991652
"k141_946325_11_-",1.23007006772343
"k141_946325_12_Glycosyl_transferase_family_1",0.0242929592120807
"k141_946325_13_Catalyzes_the_ATP-dependent_transfe",-0.0407034364997784
"k141_946325_2_COG1651_Protein-disulfide_isomerase",0.224523495398724
"k141_946325_3_GTP_cyclohydrolase_I",0.169625841569078
"k141_946325_5_Queuosine_biosynthesis_protein_QueC",-0.615214344131023
"k141_946325_6_Catalyzes_the_ATP-dependent_phosphor",0.106395834327691
"k141_946325_7_Conserved_hypothetical_ATP_binding_p",-1.05543156086425
"k141_946325_8_Lysylphosphatidylglycerol_synthase_T",-0.210989694437236
"k141_946325_9_Belongs_to_the_short-chain_dehydroge",-0.819198223995965
"k141_946632_1_Is_involved_in_the_reduction_of_2_3-",1.04853728266959
"k141_946632_2_Zn-ribbon_RNA-binding_protein_with_a",-0.126223509385474
"k141_946632_3_Promotes_the_exchange_of_GDP_for_GTP",-0.156426323262297
"k141_946632_4_Cell_division_protein_48__CDC48__dom",0.0636472927439988
"k141_950550_1_Protein_of_unknown_function__DUF255",-0.0758484845330197
"k141_950550_2_-",-0.0631817067321002
"k141_950550_3_-",0.0143162533496432
"k141_951034_1_Catalyzes_the_attachment_of_proline_",-0.171541175199579
"k141_953242_1_Belongs_to_the_class-III_pyridoxal-p",-0.377362622925832
"k141_953242_11_-",-0.199587447377134
"k141_953242_14_-",0.293616467948426
"k141_953242_15_redox_protein__regulator_of_disulfi",0.140774447078082
"k141_953242_16_Stabilizes_TBP_binding_to_an_archae",-0.267858108143863
"k141_953242_17_-",-0.567303482424716
"k141_953242_18_COG1522_Transcriptional_regulators",-0.416823626151089
"k141_953242_19_-",-1.9535462364296
"k141_953242_2_Catalyzes_the_conversion_of_dethiobi",-0.00333422087232895
"k141_953242_20_Poly_R_-hydroxyalkanoic_acid_syntha",0.0716987725021582
"k141_953242_21_TIGRFAM_poly_R_-hydroxyalkanoic_aci",0.232122433866681
"k141_953242_22_-",-1.15120674099163
"k141_953242_23_COG2002_Regulators_of_stationary_sp",-1.14341209832936
"k141_953242_24_Alpha_beta_hydrolase",-0.812656524904706
"k141_953242_25_COG0589_Universal_stress_protein_Us",-0.115806403960032
"k141_953242_26_Has_an_important_function_as_a_repa",0.719442483135787
"k141_953242_27_Required_for_chromosome_condensatio",-0.197488069135107
"k141_953242_28_Allows_the_formation_of_correctly_c",0.19128983891085
"k141_953242_29_Allows_the_formation_of_correctly_c",0.0132152932629212
"k141_953242_3_8-amino-7-oxononanoate_synthase",1.31903141052049
"k141_953242_30_Allows_the_formation_of_correctly_c",-0.799568728728691
"k141_953242_31_Aspartyl-tRNA_synthetase_with_relax",0.905502870795497
"k141_953242_32_-",-0.395538420718523
"k141_953242_33_Catalyzes_the_ATP-_and_formate-depe",-0.139336720336782
"k141_953242_35_phosphonate_ABC_transporter__inner_",0.226387950261651
"k141_953242_36_ABC_transporter",-2.0897659039799
"k141_953242_37_ABC_transporter__phosphonate__perip",-0.232340730698898
"k141_953242_38_transcriptional_regulators",-0.240338870255573
"k141_953242_39_transcriptional_regulators",0.254302152347988
"k141_953242_41_Myo-inositol-1-phosphate_synthase",-0.0921020828084637
"k141_953242_42_Deoxyhypusine_synthase",-0.00343186025605387
"k141_953242_45_PAC2_family",-0.0814434753044809
"k141_953242_46_-",-0.411422072496711
"k141_953242_5_Stabilizes_TBP_binding_to_an_archaea",-1.29120208966021
"k141_953242_6_CAAX_protease_self-immunity",-2.05923123878446
"k141_953242_7_Belongs_to_the_SUI1_family",-0.967351829854379
"k141_953242_8_Sjogren's_syndrome_scleroderma_autoa",-1.05771367207585
"k141_95335_1_-",-0.0168993177327138
"k141_95335_2_Part_of_the_phosphoribosylformylglyci",-0.426984114134444
"k141_953883_1_Sodium_hydrogen_exchanger",1.8139807290183
"k141_953883_3_cytochrome_c_biogenesis_protein",1.40355069335246
"k141_960235_1_Amidohydrolase_family",0.272974581409393
"k141_960235_2_PFAM_blue__type_1__copper_domain_pro",0.0471030373536588
"k141_960235_3_Ribose_5-phosphate_isomerase",-0.454867186196058
"k141_96036_1_Cell_division_protein_48__CDC48__doma",-0.80399952006394
"k141_961466_1_DNA_methylase",-0.0333453078691951
"k141_961466_10_Thiamine_biosynthesis_protein_ThiC",-0.10006410835685
"k141_961466_11_NUDIX_domain",-0.783916979882212
"k141_961466_12_Prephenate_dehydrogenase",0.0861322549012569
"k141_961466_13_Chorismate_mutase_type_II",-0.580590267824532
"k141_961466_14_Catalyzes_the_anti-1_4-elimination_",0.206181364917156
"k141_961466_15_Catalyzes_the_transfer_of_the_enolp",0.0868876427394761
"k141_961466_16_GHMP_kinases_N_terminal_domain",-0.552714407425512
"k141_961466_17_Involved_in_the_biosynthesis_of_the",-0.456249129234628
"k141_961466_2_mttA_Hcf106_family",0.563963923199146
"k141_961466_4_Galactose-1-phosphate_uridyl_transfe",-0.000191683397236333
"k141_961466_5_-",0.192062882306432
"k141_961466_6_Acetyltransferase__GNAT__domain",0.242192328505388
"k141_961466_7_Nucleotidyl_transferase",-0.223848531679173
"k141_961466_8_Phosphomethylpyrimidine_kinase",-0.2820732275826
"k141_962344_1_Required_for_the_formation_of_a_thre",-0.219041472395783
"k141_962344_2_-",0.696542766578388
"k141_962344_3_Mn2_-dependent_serine_threonine_prot",0.826125521301179
"k141_962344_4_Belongs_to_the_HAM1_NTPase_family",-1.45834840143889
"k141_962344_5_Component_of_the_wyosine_derivatives",-0.313391976953543
"k141_963099_3_Protein_of_unknown_function__DUF255",0.224983956494667
"k141_963099_4_-",0.209514132110326
"k141_963099_5_-",-1.04118553125775
"k141_963099_6_COG1651_Protein-disulfide_isomerase",0.629934145001116
"k141_963101_3_Protein_of_unknown_function__DUF255",-1.0742556183134
"k141_963269_1_glycosyl_transferase_family",-1.40901063179714
"k141_963269_2_-",-1.2903053582573
"k141_963269_3_Hexapeptide_repeat_of_succinyl-trans",0.781672701044403
"k141_963269_4_Trm112p-like_protein",0.356751291641114
"k141_963269_5_Belongs_to_the_MCM_family",-1.14958522750968
"k141_963313_1_Function_in_general_translation_init",-0.409829962932765
"k141_963313_2_Pyridoxamine_5'-phosphate_oxidase",-1.40961510397859
"k141_963313_7_8-oxoguanine_DNA_glycosylase",-0.725110510975673
"k141_963313_8_exonuclease_of_the_beta-lactamase_fo",0.105512033749071
"k141_963313_9_-",0.417337853404878
"k141_964028_2_RNase_L_inhibitor__RLI",-0.21988283046991
"k141_964245_2_ThiF_family",1.01004607041794
"k141_964245_3_Catalyzes_the_gamma-elimination_of_p",0.146572978229495
"k141_964245_4_Peptidase_family_M50",0.545365988837109
"k141_964245_5_PP-loop_family",0.345151653982562
"k141_964245_6_Acylphosphatase",-0.785984520324703
"k141_964245_7_One_of_the_primary_rRNA_binding_prot",-0.419771468885915
"k141_964245_8_Cell_division_protein_48__CDC48___do",0.217016877508511
"k141_966902_1_-",-0.00253657147978416
"k141_970840_1_Tetrapyrrole__Corrin_Porphyrin__Meth",-0.773053946687927
"k141_970840_2_Tetrapyrrole__Corrin_Porphyrin__Meth",-0.0625516647083495
"k141_970840_3_Catalyzes_the_methylation_of_C-15_in",0.655792446619954
"k141_970840_4_-",-0.678946935008753
"k141_971301_10_Domain_of_unknown_function__DUF1802",0.0671015276531019
"k141_971301_11_Aldo_keto_reductase_family",0.374100700700651
"k141_971301_12_-",-0.323976143317565
"k141_971301_13_COG1522_Transcriptional_regulators",0.0247310294098235
"k141_971301_3_segregation_and_condensation_protein",0.767128345692764
"k141_971301_4_Ribosomal_protein_S8e",0.740114944877074
"k141_971301_5_SRP19_protein",0.953883092390232
"k141_971301_6_RNA-binding_protein_involved_in_rRNA",0.281508698941125
"k141_971301_7_factor_TFIIB",0.455136586041901
"k141_971301_8_FeS_assembly_ATPase_SufC",-0.189580807002763
"k141_971301_9_Chlorite_dismutase",0.223919869536981
"k141_974596_3_-",0.524049054881448
"k141_976304_1_Belongs_to_the_FPP_GGPP_synthase_fam",-0.41698112111395
"k141_977542_1_Participates_in_transcription_termin",1.90086629794301
"k141_977542_2_With_S4_and_S5_plays_an_important_ro",0.516481975181262
"k141_982835_1_-",1.79177728568101
"k141_983307_1_-",-0.151099063710963
"k141_986532_1_Belongs_to_the_enoyl-CoA_hydratase_i",-0.252050547292922
"k141_986761_1_Sodium_hydrogen_exchanger",-0.210516149931489
"k141_988829_1_Redoxin",0.269464692992963
"k141_99430_1_aconitate_hydratase",-0.480348663635165
"k141_994324_1_DEAD_DEAH_box_helicase_domain_protei",-0.706184114502682
"k141_994606_1_-",-0.853792181680477
"k141_998143_1_Sodium_hydrogen_exchanger",-0.561647615964659
